/****************************************************************************
** Resource object code
**
** Created by: The Resource Compiler for Qt version 6.11.0
**
** WARNING! All changes made in this file will be lost!
*****************************************************************************/

#ifdef _MSC_VER
// disable informational message "function ... selected for automatic inline expansion"
#pragma warning (disable: 4711)
#endif

static const unsigned char qt_resource_data[] = {
  // Main.qml
  0x0,0x0,0xd,0x18,
  0x2f,
  0x2f,0x20,0x3d,0x3d,0x3d,0x3d,0x3d,0x3d,0x3d,0x3d,0x3d,0x3d,0x3d,0x3d,0x3d,0x3d,
  0x3d,0x3d,0x3d,0x3d,0x3d,0x3d,0x3d,0x3d,0x3d,0x3d,0x3d,0x3d,0x3d,0x3d,0x3d,0x3d,
  0x3d,0x3d,0x3d,0x3d,0x3d,0x3d,0x3d,0x3d,0x3d,0x3d,0x3d,0x3d,0x3d,0x3d,0x3d,0x3d,
  0x3d,0x3d,0x3d,0x3d,0x3d,0x3d,0x3d,0xa,0x2f,0x2f,0x20,0x4d,0x61,0x69,0x6e,0x2e,
  0x71,0x6d,0x6c,0x20,0xe2,0x80,0x94,0x20,0xec,0x95,0xb1,0x20,0xec,0xa7,0x84,0xec,
  0x9e,0x85,0xec,0xa0,0x90,0x20,0x28,0x57,0x69,0x6e,0x64,0x6f,0x77,0x20,0x2b,0x20,
  0x53,0x74,0x61,0x63,0x6b,0x56,0x69,0x65,0x77,0x29,0xa,0x2f,0x2f,0x20,0x3d,0x3d,
  0x3d,0x3d,0x3d,0x3d,0x3d,0x3d,0x3d,0x3d,0x3d,0x3d,0x3d,0x3d,0x3d,0x3d,0x3d,0x3d,
  0x3d,0x3d,0x3d,0x3d,0x3d,0x3d,0x3d,0x3d,0x3d,0x3d,0x3d,0x3d,0x3d,0x3d,0x3d,0x3d,
  0x3d,0x3d,0x3d,0x3d,0x3d,0x3d,0x3d,0x3d,0x3d,0x3d,0x3d,0x3d,0x3d,0x3d,0x3d,0x3d,
  0x3d,0x3d,0x3d,0xa,0x2f,0x2f,0x20,0x51,0x33,0x3d,0x41,0x3a,0x20,0x53,0x74,0x61,
  0x63,0x6b,0x56,0x69,0x65,0x77,0x20,0xeb,0x9d,0xbc,0xec,0x9a,0xb0,0xed,0x8c,0x85,
  0xa,0x2f,0x2f,0x20,0x51,0x32,0x3d,0x41,0x3a,0x20,0x4d,0x61,0x74,0x65,0x72,0x69,
  0x61,0x6c,0x20,0xec,0x8a,0xa4,0xed,0x83,0x80,0xec,0x9d,0xbc,0x20,0x28,0x4d,0x61,
  0x69,0x6e,0x2e,0x63,0x70,0x70,0xec,0x97,0x90,0xec,0x84,0x9c,0x20,0x51,0x51,0x75,
  0x69,0x63,0x6b,0x53,0x74,0x79,0x6c,0x65,0x3a,0x3a,0x73,0x65,0x74,0x53,0x74,0x79,
  0x6c,0x65,0x28,0x22,0x4d,0x61,0x74,0x65,0x72,0x69,0x61,0x6c,0x22,0x29,0x29,0xa,
  0x2f,0x2f,0xa,0x2f,0x2f,0x20,0xe2,0x9a,0xa0,0x20,0xeb,0xb3,0xb8,0x20,0xed,0x8c,
  0x8c,0xec,0x9d,0xbc,0xec,0x9d,0x80,0x20,0x55,0x49,0xeb,0xa7,0x8c,0x20,0xeb,0x8b,
  0xb4,0xeb,0x8b,0xb9,0x20,0xe2,0x80,0x94,0x20,0xeb,0xb9,0x84,0xec,0xa6,0x88,0xeb,
  0x8b,0x88,0xec,0x8a,0xa4,0x20,0xeb,0xa1,0x9c,0xec,0xa7,0x81,0x20,0xe2,0x9d,0x8c,
  0x2e,0xa,0x2f,0x2f,0x20,0x20,0x20,0xeb,0xaa,0xa8,0xeb,0x93,0xa0,0x20,0xeb,0x8f,
  0x99,0xec,0x9e,0x91,0xec,0x9d,0x80,0x20,0x2a,0x5f,0x63,0x6f,0x6e,0x74,0x72,0x6f,
  0x6c,0x6c,0x65,0x72,0x20,0xec,0x9d,0x98,0x20,0x51,0x5f,0x49,0x4e,0x56,0x4f,0x4b,
  0x41,0x42,0x4c,0x45,0x20,0xeb,0xa9,0x94,0xec,0x86,0x8c,0xeb,0x93,0x9c,0x20,0xed,
  0x98,0xb8,0xec,0xb6,0x9c,0x20,0xeb,0x98,0x90,0xeb,0x8a,0x94,0xa,0x2f,0x2f,0x20,
  0x20,0x20,0x2a,0x5f,0x63,0x68,0x61,0x6e,0x67,0x65,0x64,0x2f,0x5f,0x73,0x75,0x63,
  0x63,0x65,0x65,0x64,0x65,0x64,0x2f,0x5f,0x66,0x61,0x69,0x6c,0x65,0x64,0x20,0xec,
  0x8b,0x9c,0xea,0xb7,0xb8,0xeb,0x84,0x90,0x20,0xec,0x88,0x98,0xec,0x8b,0xa0,0xeb,
  0xa7,0x8c,0x2e,0xa,0x2f,0x2f,0x20,0x3d,0x3d,0x3d,0x3d,0x3d,0x3d,0x3d,0x3d,0x3d,
  0x3d,0x3d,0x3d,0x3d,0x3d,0x3d,0x3d,0x3d,0x3d,0x3d,0x3d,0x3d,0x3d,0x3d,0x3d,0x3d,
  0x3d,0x3d,0x3d,0x3d,0x3d,0x3d,0x3d,0x3d,0x3d,0x3d,0x3d,0x3d,0x3d,0x3d,0x3d,0x3d,
  0x3d,0x3d,0x3d,0x3d,0x3d,0x3d,0x3d,0x3d,0x3d,0x3d,0x3d,0x3d,0xa,0x69,0x6d,0x70,
  0x6f,0x72,0x74,0x20,0x51,0x74,0x51,0x75,0x69,0x63,0x6b,0xa,0x69,0x6d,0x70,0x6f,
  0x72,0x74,0x20,0x51,0x74,0x51,0x75,0x69,0x63,0x6b,0x2e,0x57,0x69,0x6e,0x64,0x6f,
  0x77,0xa,0x69,0x6d,0x70,0x6f,0x72,0x74,0x20,0x51,0x74,0x51,0x75,0x69,0x63,0x6b,
  0x2e,0x43,0x6f,0x6e,0x74,0x72,0x6f,0x6c,0x73,0xa,0x69,0x6d,0x70,0x6f,0x72,0x74,
  0x20,0x51,0x74,0x51,0x75,0x69,0x63,0x6b,0x2e,0x43,0x6f,0x6e,0x74,0x72,0x6f,0x6c,
  0x73,0x2e,0x4d,0x61,0x74,0x65,0x72,0x69,0x61,0x6c,0xa,0x69,0x6d,0x70,0x6f,0x72,
  0x74,0x20,0x51,0x74,0x51,0x75,0x69,0x63,0x6b,0x2e,0x4c,0x61,0x79,0x6f,0x75,0x74,
  0x73,0xa,0x69,0x6d,0x70,0x6f,0x72,0x74,0x20,0x22,0x43,0x6f,0x6d,0x70,0x6f,0x6e,
  0x65,0x6e,0x74,0x73,0x22,0xa,0xa,0x41,0x70,0x70,0x6c,0x69,0x63,0x61,0x74,0x69,
  0x6f,0x6e,0x57,0x69,0x6e,0x64,0x6f,0x77,0x20,0x7b,0xa,0x20,0x20,0x20,0x20,0x69,
  0x64,0x3a,0x20,0x61,0x70,0x70,0x5f,0x77,0x69,0x6e,0x64,0x6f,0x77,0xa,0x20,0x20,
  0x20,0x20,0x76,0x69,0x73,0x69,0x62,0x6c,0x65,0x3a,0x20,0x74,0x72,0x75,0x65,0xa,
  0x20,0x20,0x20,0x20,0x77,0x69,0x64,0x74,0x68,0x3a,0x20,0x31,0x30,0x32,0x34,0xa,
  0x20,0x20,0x20,0x20,0x68,0x65,0x69,0x67,0x68,0x74,0x3a,0x20,0x37,0x32,0x30,0xa,
  0x20,0x20,0x20,0x20,0x74,0x69,0x74,0x6c,0x65,0x3a,0x20,0x71,0x73,0x54,0x72,0x28,
  0x22,0xeb,0xa9,0x94,0xeb,0x94,0x94,0xeb,0xb8,0x8c,0xeb,0xa6,0xbf,0xec,0xa7,0x80,
  0x22,0x29,0xa,0xa,0x20,0x20,0x20,0x20,0x2f,0x2f,0x20,0x4d,0x61,0x74,0x65,0x72,
  0x69,0x61,0x6c,0x20,0xed,0x85,0x8c,0xeb,0xa7,0x88,0x20,0x28,0xeb,0x85,0xb8,0xec,
  0x9d,0xb8,0xec,0xb8,0xb5,0x20,0xec,0xb9,0x9c,0xed,0x99,0x94,0x20,0xe2,0x80,0x94,
  0x20,0xed,0x81,0xb0,0x20,0xea,0xb8,0x80,0xec,0x9e,0x90,0x2c,0x20,0xeb,0xaa,0x85,
  0xed,0x99,0x95,0xed,0x95,0x9c,0x20,0xec,0x83,0x89,0xec,0x83,0x81,0x29,0xa,0x20,
  0x20,0x20,0x20,0x4d,0x61,0x74,0x65,0x72,0x69,0x61,0x6c,0x2e,0x74,0x68,0x65,0x6d,
  0x65,0x3a,0x20,0x4d,0x61,0x74,0x65,0x72,0x69,0x61,0x6c,0x2e,0x4c,0x69,0x67,0x68,
  0x74,0xa,0x20,0x20,0x20,0x20,0x4d,0x61,0x74,0x65,0x72,0x69,0x61,0x6c,0x2e,0x70,
  0x72,0x69,0x6d,0x61,0x72,0x79,0x3a,0x20,0x4d,0x61,0x74,0x65,0x72,0x69,0x61,0x6c,
  0x2e,0x42,0x6c,0x75,0x65,0xa,0x20,0x20,0x20,0x20,0x4d,0x61,0x74,0x65,0x72,0x69,
  0x61,0x6c,0x2e,0x61,0x63,0x63,0x65,0x6e,0x74,0x3a,0x20,0x4d,0x61,0x74,0x65,0x72,
  0x69,0x61,0x6c,0x2e,0x4c,0x69,0x67,0x68,0x74,0x42,0x6c,0x75,0x65,0xa,0xa,0x20,
  0x20,0x20,0x20,0x2f,0x2f,0x20,0x2d,0x2d,0x2d,0x2d,0x2d,0x2d,0x2d,0x2d,0x2d,0x2d,
  0x2d,0x2d,0x2d,0x2d,0x2d,0x2d,0x2d,0x2d,0x2d,0x2d,0x20,0xec,0x83,0x81,0xeb,0x8b,
  0xa8,0x20,0xed,0x97,0xa4,0xeb,0x8d,0x94,0x20,0x2d,0x2d,0x2d,0x2d,0x2d,0x2d,0x2d,
  0x2d,0x2d,0x2d,0x2d,0x2d,0x2d,0x2d,0x2d,0x2d,0x2d,0x2d,0x2d,0x2d,0xa,0x20,0x20,
  0x20,0x20,0x68,0x65,0x61,0x64,0x65,0x72,0x3a,0x20,0x54,0x6f,0x6f,0x6c,0x42,0x61,
  0x72,0x20,0x7b,0xa,0x20,0x20,0x20,0x20,0x20,0x20,0x20,0x20,0x52,0x6f,0x77,0x4c,
  0x61,0x79,0x6f,0x75,0x74,0x20,0x7b,0xa,0x20,0x20,0x20,0x20,0x20,0x20,0x20,0x20,
  0x20,0x20,0x20,0x20,0x61,0x6e,0x63,0x68,0x6f,0x72,0x73,0x2e,0x66,0x69,0x6c,0x6c,
  0x3a,0x20,0x70,0x61,0x72,0x65,0x6e,0x74,0xa,0x20,0x20,0x20,0x20,0x20,0x20,0x20,
  0x20,0x20,0x20,0x20,0x20,0x61,0x6e,0x63,0x68,0x6f,0x72,0x73,0x2e,0x6d,0x61,0x72,
  0x67,0x69,0x6e,0x73,0x3a,0x20,0x38,0xa,0xa,0x20,0x20,0x20,0x20,0x20,0x20,0x20,
  0x20,0x20,0x20,0x20,0x20,0x4c,0x61,0x62,0x65,0x6c,0x20,0x7b,0xa,0x20,0x20,0x20,
  0x20,0x20,0x20,0x20,0x20,0x20,0x20,0x20,0x20,0x20,0x20,0x20,0x20,0x74,0x65,0x78,
  0x74,0x3a,0x20,0x71,0x73,0x54,0x72,0x28,0x22,0xeb,0xa9,0x94,0xeb,0x94,0x94,0xeb,
  0xb8,0x8c,0xeb,0xa6,0xbf,0xec,0xa7,0x80,0x22,0x29,0xa,0x20,0x20,0x20,0x20,0x20,
  0x20,0x20,0x20,0x20,0x20,0x20,0x20,0x20,0x20,0x20,0x20,0x66,0x6f,0x6e,0x74,0x2e,
  0x70,0x69,0x78,0x65,0x6c,0x53,0x69,0x7a,0x65,0x3a,0x20,0x32,0x32,0xa,0x20,0x20,
  0x20,0x20,0x20,0x20,0x20,0x20,0x20,0x20,0x20,0x20,0x20,0x20,0x20,0x20,0x66,0x6f,
  0x6e,0x74,0x2e,0x62,0x6f,0x6c,0x64,0x3a,0x20,0x74,0x72,0x75,0x65,0xa,0x20,0x20,
  0x20,0x20,0x20,0x20,0x20,0x20,0x20,0x20,0x20,0x20,0x20,0x20,0x20,0x20,0x4c,0x61,
  0x79,0x6f,0x75,0x74,0x2e,0x66,0x69,0x6c,0x6c,0x57,0x69,0x64,0x74,0x68,0x3a,0x20,
  0x74,0x72,0x75,0x65,0xa,0x20,0x20,0x20,0x20,0x20,0x20,0x20,0x20,0x20,0x20,0x20,
  0x20,0x7d,0xa,0xa,0x20,0x20,0x20,0x20,0x20,0x20,0x20,0x20,0x20,0x20,0x20,0x20,
  0x2f,0x2f,0x20,0xed,0x8f,0xb0,0x20,0x55,0x53,0x42,0x20,0xec,0x97,0xb0,0xea,0xb2,
  0xb0,0x20,0xec,0x83,0x81,0xed,0x83,0x9c,0x20,0xed,0x91,0x9c,0xec,0x8b,0x9c,0x20,
  0x28,0x43,0x6f,0x6d,0x70,0x6f,0x6e,0x65,0x6e,0x74,0x73,0x2f,0x50,0x68,0x6f,0x6e,
  0x65,0x53,0x74,0x61,0x74,0x75,0x73,0x49,0x6e,0x64,0x69,0x63,0x61,0x74,0x6f,0x72,
  0x2e,0x71,0x6d,0x6c,0x29,0xa,0x20,0x20,0x20,0x20,0x20,0x20,0x20,0x20,0x20,0x20,
  0x20,0x20,0x50,0x68,0x6f,0x6e,0x65,0x53,0x74,0x61,0x74,0x75,0x73,0x49,0x6e,0x64,
  0x69,0x63,0x61,0x74,0x6f,0x72,0x20,0x7b,0xa,0x20,0x20,0x20,0x20,0x20,0x20,0x20,
  0x20,0x20,0x20,0x20,0x20,0x20,0x20,0x20,0x20,0x4c,0x61,0x79,0x6f,0x75,0x74,0x2e,
  0x61,0x6c,0x69,0x67,0x6e,0x6d,0x65,0x6e,0x74,0x3a,0x20,0x51,0x74,0x2e,0x41,0x6c,
  0x69,0x67,0x6e,0x56,0x43,0x65,0x6e,0x74,0x65,0x72,0xa,0x20,0x20,0x20,0x20,0x20,
  0x20,0x20,0x20,0x20,0x20,0x20,0x20,0x7d,0xa,0xa,0x20,0x20,0x20,0x20,0x20,0x20,
  0x20,0x20,0x20,0x20,0x20,0x20,0x2f,0x2f,0x20,0xeb,0xa1,0x9c,0xea,0xb7,0xb8,0xec,
  0x95,0x84,0xec,0x9b,0x83,0x20,0xeb,0xb2,0x84,0xed,0x8a,0xbc,0x20,0x28,0xec,0x9d,
  0xb8,0xec,0xa6,0x9d,0x20,0xec,0x8b,0x9c,0xec,0x97,0x90,0xeb,0xa7,0x8c,0x20,0xed,
  0x91,0x9c,0xec,0x8b,0x9c,0x29,0xa,0x20,0x20,0x20,0x20,0x20,0x20,0x20,0x20,0x20,
  0x20,0x20,0x20,0x54,0x6f,0x6f,0x6c,0x42,0x75,0x74,0x74,0x6f,0x6e,0x20,0x7b,0xa,
  0x20,0x20,0x20,0x20,0x20,0x20,0x20,0x20,0x20,0x20,0x20,0x20,0x20,0x20,0x20,0x20,
  0x76,0x69,0x73,0x69,0x62,0x6c,0x65,0x3a,0x20,0x61,0x75,0x74,0x68,0x5f,0x63,0x6f,
  0x6e,0x74,0x72,0x6f,0x6c,0x6c,0x65,0x72,0x2e,0x69,0x73,0x5f,0x61,0x75,0x74,0x68,
  0x65,0x6e,0x74,0x69,0x63,0x61,0x74,0x65,0x64,0xa,0x20,0x20,0x20,0x20,0x20,0x20,
  0x20,0x20,0x20,0x20,0x20,0x20,0x20,0x20,0x20,0x20,0x74,0x65,0x78,0x74,0x3a,0x20,
  0x71,0x73,0x54,0x72,0x28,0x22,0xeb,0xa1,0x9c,0xea,0xb7,0xb8,0xec,0x95,0x84,0xec,
  0x9b,0x83,0x22,0x29,0xa,0x20,0x20,0x20,0x20,0x20,0x20,0x20,0x20,0x20,0x20,0x20,
  0x20,0x20,0x20,0x20,0x20,0x66,0x6f,0x6e,0x74,0x2e,0x70,0x69,0x78,0x65,0x6c,0x53,
  0x69,0x7a,0x65,0x3a,0x20,0x31,0x36,0xa,0x20,0x20,0x20,0x20,0x20,0x20,0x20,0x20,
  0x20,0x20,0x20,0x20,0x20,0x20,0x20,0x20,0x6f,0x6e,0x43,0x6c,0x69,0x63,0x6b,0x65,
  0x64,0x3a,0x20,0x61,0x75,0x74,0x68,0x5f,0x63,0x6f,0x6e,0x74,0x72,0x6f,0x6c,0x6c,
  0x65,0x72,0x2e,0x6c,0x6f,0x67,0x6f,0x75,0x74,0x28,0x29,0xa,0x20,0x20,0x20,0x20,
  0x20,0x20,0x20,0x20,0x20,0x20,0x20,0x20,0x7d,0xa,0x20,0x20,0x20,0x20,0x20,0x20,
  0x20,0x20,0x7d,0xa,0x20,0x20,0x20,0x20,0x7d,0xa,0xa,0x20,0x20,0x20,0x20,0x2f,
  0x2f,0x20,0x2d,0x2d,0x2d,0x2d,0x2d,0x2d,0x2d,0x2d,0x2d,0x2d,0x2d,0x2d,0x2d,0x2d,
  0x2d,0x2d,0x2d,0x2d,0x2d,0x2d,0x20,0xeb,0x9d,0xbc,0xec,0x9a,0xb0,0xed,0x84,0xb0,
  0x20,0x28,0x53,0x74,0x61,0x63,0x6b,0x56,0x69,0x65,0x77,0x29,0x20,0x2d,0x2d,0x2d,
  0x2d,0x2d,0x2d,0x2d,0x2d,0x2d,0x2d,0x2d,0x2d,0x2d,0x2d,0x2d,0x2d,0x2d,0x2d,0x2d,
  0x2d,0xa,0x20,0x20,0x20,0x20,0x53,0x74,0x61,0x63,0x6b,0x56,0x69,0x65,0x77,0x20,
  0x7b,0xa,0x20,0x20,0x20,0x20,0x20,0x20,0x20,0x20,0x69,0x64,0x3a,0x20,0x73,0x74,
  0x61,0x63,0x6b,0xa,0x20,0x20,0x20,0x20,0x20,0x20,0x20,0x20,0x61,0x6e,0x63,0x68,
  0x6f,0x72,0x73,0x2e,0x66,0x69,0x6c,0x6c,0x3a,0x20,0x70,0x61,0x72,0x65,0x6e,0x74,
  0xa,0x20,0x20,0x20,0x20,0x20,0x20,0x20,0x20,0x69,0x6e,0x69,0x74,0x69,0x61,0x6c,
  0x49,0x74,0x65,0x6d,0x3a,0x20,0x22,0x50,0x61,0x67,0x65,0x73,0x2f,0x4c,0x6f,0x67,
  0x69,0x6e,0x50,0x61,0x67,0x65,0x2e,0x71,0x6d,0x6c,0x22,0xa,0x20,0x20,0x20,0x20,
  0x7d,0xa,0xa,0x20,0x20,0x20,0x20,0x2f,0x2f,0x20,0x2d,0x2d,0x2d,0x2d,0x2d,0x2d,
  0x2d,0x2d,0x2d,0x2d,0x2d,0x2d,0x2d,0x2d,0x2d,0x2d,0x2d,0x2d,0x2d,0x2d,0x20,0xec,
  0xa0,0x84,0xec,0x97,0xad,0x20,0xec,0x8b,0x9c,0xea,0xb7,0xb8,0xeb,0x84,0x90,0x20,
  0xed,0x95,0xb8,0xeb,0x93,0xa4,0xeb,0x9f,0xac,0x20,0x2d,0x2d,0x2d,0x2d,0x2d,0x2d,
  0x2d,0x2d,0x2d,0x2d,0x2d,0x2d,0x2d,0x2d,0x2d,0x2d,0x2d,0x2d,0x2d,0x2d,0xa,0x20,
  0x20,0x20,0x20,0x43,0x6f,0x6e,0x6e,0x65,0x63,0x74,0x69,0x6f,0x6e,0x73,0x20,0x7b,
  0xa,0x20,0x20,0x20,0x20,0x20,0x20,0x20,0x20,0x74,0x61,0x72,0x67,0x65,0x74,0x3a,
  0x20,0x61,0x75,0x74,0x68,0x5f,0x63,0x6f,0x6e,0x74,0x72,0x6f,0x6c,0x6c,0x65,0x72,
  0xa,0xa,0x20,0x20,0x20,0x20,0x20,0x20,0x20,0x20,0x66,0x75,0x6e,0x63,0x74,0x69,
  0x6f,0x6e,0x20,0x6f,0x6e,0x4c,0x6f,0x67,0x69,0x6e,0x5f,0x73,0x75,0x63,0x63,0x65,
  0x65,0x64,0x65,0x64,0x28,0x29,0x20,0x7b,0xa,0x20,0x20,0x20,0x20,0x20,0x20,0x20,
  0x20,0x20,0x20,0x20,0x20,0x73,0x74,0x61,0x63,0x6b,0x2e,0x72,0x65,0x70,0x6c,0x61,
  0x63,0x65,0x28,0x22,0x50,0x61,0x67,0x65,0x73,0x2f,0x48,0x6f,0x6d,0x65,0x50,0x61,
  0x67,0x65,0x2e,0x71,0x6d,0x6c,0x22,0x29,0xa,0x20,0x20,0x20,0x20,0x20,0x20,0x20,
  0x20,0x7d,0xa,0x20,0x20,0x20,0x20,0x20,0x20,0x20,0x20,0x66,0x75,0x6e,0x63,0x74,
  0x69,0x6f,0x6e,0x20,0x6f,0x6e,0x4c,0x6f,0x67,0x6f,0x75,0x74,0x5f,0x63,0x6f,0x6d,
  0x70,0x6c,0x65,0x74,0x65,0x64,0x28,0x29,0x20,0x7b,0xa,0x20,0x20,0x20,0x20,0x20,
  0x20,0x20,0x20,0x20,0x20,0x20,0x20,0x73,0x74,0x61,0x63,0x6b,0x2e,0x72,0x65,0x70,
  0x6c,0x61,0x63,0x65,0x28,0x22,0x50,0x61,0x67,0x65,0x73,0x2f,0x4c,0x6f,0x67,0x69,
  0x6e,0x50,0x61,0x67,0x65,0x2e,0x71,0x6d,0x6c,0x22,0x29,0xa,0x20,0x20,0x20,0x20,
  0x20,0x20,0x20,0x20,0x7d,0xa,0x20,0x20,0x20,0x20,0x7d,0xa,0xa,0x20,0x20,0x20,
  0x20,0x2f,0x2f,0x20,0xec,0xa0,0x84,0xec,0x97,0xad,0x20,0xed,0x86,0xa0,0xec,0x8a,
  0xa4,0xed,0x8a,0xb8,0xa,0x20,0x20,0x20,0x20,0x43,0x6f,0x6e,0x6e,0x65,0x63,0x74,
  0x69,0x6f,0x6e,0x73,0x20,0x7b,0xa,0x20,0x20,0x20,0x20,0x20,0x20,0x20,0x20,0x74,
  0x61,0x72,0x67,0x65,0x74,0x3a,0x20,0x61,0x70,0x70,0x5f,0x63,0x6f,0x6e,0x74,0x72,
  0x6f,0x6c,0x6c,0x65,0x72,0xa,0x20,0x20,0x20,0x20,0x20,0x20,0x20,0x20,0x66,0x75,
  0x6e,0x63,0x74,0x69,0x6f,0x6e,0x20,0x6f,0x6e,0x54,0x6f,0x61,0x73,0x74,0x5f,0x72,
  0x65,0x71,0x75,0x65,0x73,0x74,0x65,0x64,0x28,0x6d,0x65,0x73,0x73,0x61,0x67,0x65,
  0x29,0x20,0x7b,0xa,0x20,0x20,0x20,0x20,0x20,0x20,0x20,0x20,0x20,0x20,0x20,0x20,
  0x74,0x6f,0x61,0x73,0x74,0x5f,0x6c,0x61,0x62,0x65,0x6c,0x2e,0x74,0x65,0x78,0x74,
  0x20,0x3d,0x20,0x6d,0x65,0x73,0x73,0x61,0x67,0x65,0xa,0x20,0x20,0x20,0x20,0x20,
  0x20,0x20,0x20,0x20,0x20,0x20,0x20,0x74,0x6f,0x61,0x73,0x74,0x2e,0x6f,0x70,0x65,
  0x6e,0x28,0x29,0xa,0x20,0x20,0x20,0x20,0x20,0x20,0x20,0x20,0x20,0x20,0x20,0x20,
  0x74,0x6f,0x61,0x73,0x74,0x5f,0x74,0x69,0x6d,0x65,0x72,0x2e,0x72,0x65,0x73,0x74,
  0x61,0x72,0x74,0x28,0x29,0xa,0x20,0x20,0x20,0x20,0x20,0x20,0x20,0x20,0x7d,0xa,
  0x20,0x20,0x20,0x20,0x7d,0xa,0xa,0x20,0x20,0x20,0x20,0x50,0x6f,0x70,0x75,0x70,
  0x20,0x7b,0xa,0x20,0x20,0x20,0x20,0x20,0x20,0x20,0x20,0x69,0x64,0x3a,0x20,0x74,
  0x6f,0x61,0x73,0x74,0xa,0x20,0x20,0x20,0x20,0x20,0x20,0x20,0x20,0x78,0x3a,0x20,
  0x28,0x70,0x61,0x72,0x65,0x6e,0x74,0x2e,0x77,0x69,0x64,0x74,0x68,0x20,0x2d,0x20,
  0x77,0x69,0x64,0x74,0x68,0x29,0x20,0x2f,0x20,0x32,0xa,0x20,0x20,0x20,0x20,0x20,
  0x20,0x20,0x20,0x79,0x3a,0x20,0x70,0x61,0x72,0x65,0x6e,0x74,0x2e,0x68,0x65,0x69,
  0x67,0x68,0x74,0x20,0x2d,0x20,0x68,0x65,0x69,0x67,0x68,0x74,0x20,0x2d,0x20,0x34,
  0x30,0xa,0x20,0x20,0x20,0x20,0x20,0x20,0x20,0x20,0x77,0x69,0x64,0x74,0x68,0x3a,
  0x20,0x34,0x30,0x30,0xa,0x20,0x20,0x20,0x20,0x20,0x20,0x20,0x20,0x70,0x61,0x64,
  0x64,0x69,0x6e,0x67,0x3a,0x20,0x31,0x36,0xa,0x20,0x20,0x20,0x20,0x20,0x20,0x20,
  0x20,0x6d,0x6f,0x64,0x61,0x6c,0x3a,0x20,0x66,0x61,0x6c,0x73,0x65,0xa,0x20,0x20,
  0x20,0x20,0x20,0x20,0x20,0x20,0x63,0x6c,0x6f,0x73,0x65,0x50,0x6f,0x6c,0x69,0x63,
  0x79,0x3a,0x20,0x50,0x6f,0x70,0x75,0x70,0x2e,0x43,0x6c,0x6f,0x73,0x65,0x4f,0x6e,
  0x50,0x72,0x65,0x73,0x73,0x4f,0x75,0x74,0x73,0x69,0x64,0x65,0xa,0xa,0x20,0x20,
  0x20,0x20,0x20,0x20,0x20,0x20,0x4c,0x61,0x62,0x65,0x6c,0x20,0x7b,0xa,0x20,0x20,
  0x20,0x20,0x20,0x20,0x20,0x20,0x20,0x20,0x20,0x20,0x69,0x64,0x3a,0x20,0x74,0x6f,
  0x61,0x73,0x74,0x5f,0x6c,0x61,0x62,0x65,0x6c,0xa,0x20,0x20,0x20,0x20,0x20,0x20,
  0x20,0x20,0x20,0x20,0x20,0x20,0x61,0x6e,0x63,0x68,0x6f,0x72,0x73,0x2e,0x66,0x69,
  0x6c,0x6c,0x3a,0x20,0x70,0x61,0x72,0x65,0x6e,0x74,0xa,0x20,0x20,0x20,0x20,0x20,
  0x20,0x20,0x20,0x20,0x20,0x20,0x20,0x66,0x6f,0x6e,0x74,0x2e,0x70,0x69,0x78,0x65,
  0x6c,0x53,0x69,0x7a,0x65,0x3a,0x20,0x31,0x36,0xa,0x20,0x20,0x20,0x20,0x20,0x20,
  0x20,0x20,0x20,0x20,0x20,0x20,0x77,0x72,0x61,0x70,0x4d,0x6f,0x64,0x65,0x3a,0x20,
  0x54,0x65,0x78,0x74,0x2e,0x57,0x6f,0x72,0x64,0x57,0x72,0x61,0x70,0xa,0x20,0x20,
  0x20,0x20,0x20,0x20,0x20,0x20,0x7d,0xa,0xa,0x20,0x20,0x20,0x20,0x20,0x20,0x20,
  0x20,0x54,0x69,0x6d,0x65,0x72,0x20,0x7b,0xa,0x20,0x20,0x20,0x20,0x20,0x20,0x20,
  0x20,0x20,0x20,0x20,0x20,0x69,0x64,0x3a,0x20,0x74,0x6f,0x61,0x73,0x74,0x5f,0x74,
  0x69,0x6d,0x65,0x72,0xa,0x20,0x20,0x20,0x20,0x20,0x20,0x20,0x20,0x20,0x20,0x20,
  0x20,0x69,0x6e,0x74,0x65,0x72,0x76,0x61,0x6c,0x3a,0x20,0x33,0x30,0x30,0x30,0xa,
  0x20,0x20,0x20,0x20,0x20,0x20,0x20,0x20,0x20,0x20,0x20,0x20,0x6f,0x6e,0x54,0x72,
  0x69,0x67,0x67,0x65,0x72,0x65,0x64,0x3a,0x20,0x74,0x6f,0x61,0x73,0x74,0x2e,0x63,
  0x6c,0x6f,0x73,0x65,0x28,0x29,0xa,0x20,0x20,0x20,0x20,0x20,0x20,0x20,0x20,0x7d,
  0xa,0x20,0x20,0x20,0x20,0x7d,0xa,0xa,0x20,0x20,0x20,0x20,0x2f,0x2f,0x20,0xec,
  0xa0,0x84,0xec,0x97,0xad,0x20,0xeb,0xa1,0x9c,0xeb,0x94,0xa9,0x20,0xec,0x98,0xa4,
  0xeb,0xb2,0x84,0xeb,0xa0,0x88,0xec,0x9d,0xb4,0xa,0x20,0x20,0x20,0x20,0x52,0x65,
  0x63,0x74,0x61,0x6e,0x67,0x6c,0x65,0x20,0x7b,0xa,0x20,0x20,0x20,0x20,0x20,0x20,
  0x20,0x20,0x61,0x6e,0x63,0x68,0x6f,0x72,0x73,0x2e,0x66,0x69,0x6c,0x6c,0x3a,0x20,
  0x70,0x61,0x72,0x65,0x6e,0x74,0xa,0x20,0x20,0x20,0x20,0x20,0x20,0x20,0x20,0x63,
  0x6f,0x6c,0x6f,0x72,0x3a,0x20,0x22,0x23,0x38,0x30,0x30,0x30,0x30,0x30,0x30,0x30,
  0x22,0xa,0x20,0x20,0x20,0x20,0x20,0x20,0x20,0x20,0x76,0x69,0x73,0x69,0x62,0x6c,
  0x65,0x3a,0x20,0x61,0x70,0x70,0x5f,0x63,0x6f,0x6e,0x74,0x72,0x6f,0x6c,0x6c,0x65,
  0x72,0x2e,0x69,0x73,0x5f,0x67,0x6c,0x6f,0x62,0x61,0x6c,0x5f,0x6c,0x6f,0x61,0x64,
  0x69,0x6e,0x67,0xa,0x20,0x20,0x20,0x20,0x20,0x20,0x20,0x20,0x7a,0x3a,0x20,0x39,
  0x39,0x39,0xa,0xa,0x20,0x20,0x20,0x20,0x20,0x20,0x20,0x20,0x42,0x75,0x73,0x79,
  0x49,0x6e,0x64,0x69,0x63,0x61,0x74,0x6f,0x72,0x20,0x7b,0xa,0x20,0x20,0x20,0x20,
  0x20,0x20,0x20,0x20,0x20,0x20,0x20,0x20,0x61,0x6e,0x63,0x68,0x6f,0x72,0x73,0x2e,
  0x63,0x65,0x6e,0x74,0x65,0x72,0x49,0x6e,0x3a,0x20,0x70,0x61,0x72,0x65,0x6e,0x74,
  0xa,0x20,0x20,0x20,0x20,0x20,0x20,0x20,0x20,0x20,0x20,0x20,0x20,0x72,0x75,0x6e,
  0x6e,0x69,0x6e,0x67,0x3a,0x20,0x70,0x61,0x72,0x65,0x6e,0x74,0x2e,0x76,0x69,0x73,
  0x69,0x62,0x6c,0x65,0xa,0x20,0x20,0x20,0x20,0x20,0x20,0x20,0x20,0x7d,0xa,0x20,
  0x20,0x20,0x20,0x7d,0xa,0x7d,0xa,
    // HistoryPage.qml
  0x0,0x0,0x9,0x3,
  0x2f,
  0x2f,0x20,0x3d,0x3d,0x3d,0x3d,0x3d,0x3d,0x3d,0x3d,0x3d,0x3d,0x3d,0x3d,0x3d,0x3d,
  0x3d,0x3d,0x3d,0x3d,0x3d,0x3d,0x3d,0x3d,0x3d,0x3d,0x3d,0x3d,0x3d,0x3d,0x3d,0x3d,
  0x3d,0x3d,0x3d,0x3d,0x3d,0x3d,0x3d,0x3d,0x3d,0x3d,0x3d,0x3d,0x3d,0x3d,0x3d,0x3d,
  0x3d,0x3d,0x3d,0x3d,0x3d,0x3d,0x3d,0xa,0x2f,0x2f,0x20,0x48,0x69,0x73,0x74,0x6f,
  0x72,0x79,0x50,0x61,0x67,0x65,0x20,0xe2,0x80,0x94,0x20,0xeb,0xb3,0xb5,0xec,0x95,
  0xbd,0x20,0xec,0x9d,0xb4,0xeb,0xa0,0xa5,0x20,0xec,0xa1,0xb0,0xed,0x9a,0x8c,0x20,
  0x28,0xeb,0xaa,0xa8,0xeb,0x93,0x88,0x20,0x32,0x29,0xa,0x2f,0x2f,0x20,0x3d,0x3d,
  0x3d,0x3d,0x3d,0x3d,0x3d,0x3d,0x3d,0x3d,0x3d,0x3d,0x3d,0x3d,0x3d,0x3d,0x3d,0x3d,
  0x3d,0x3d,0x3d,0x3d,0x3d,0x3d,0x3d,0x3d,0x3d,0x3d,0x3d,0x3d,0x3d,0x3d,0x3d,0x3d,
  0x3d,0x3d,0x3d,0x3d,0x3d,0x3d,0x3d,0x3d,0x3d,0x3d,0x3d,0x3d,0x3d,0x3d,0x3d,0x3d,
  0x3d,0x3d,0x3d,0xa,0x69,0x6d,0x70,0x6f,0x72,0x74,0x20,0x51,0x74,0x51,0x75,0x69,
  0x63,0x6b,0xa,0x69,0x6d,0x70,0x6f,0x72,0x74,0x20,0x51,0x74,0x51,0x75,0x69,0x63,
  0x6b,0x2e,0x43,0x6f,0x6e,0x74,0x72,0x6f,0x6c,0x73,0xa,0x69,0x6d,0x70,0x6f,0x72,
  0x74,0x20,0x51,0x74,0x51,0x75,0x69,0x63,0x6b,0x2e,0x4c,0x61,0x79,0x6f,0x75,0x74,
  0x73,0xa,0x69,0x6d,0x70,0x6f,0x72,0x74,0x20,0x22,0x2e,0x2e,0x2f,0x43,0x6f,0x6d,
  0x70,0x6f,0x6e,0x65,0x6e,0x74,0x73,0x22,0xa,0xa,0x50,0x61,0x67,0x65,0x20,0x7b,
  0xa,0x20,0x20,0x20,0x20,0x69,0x64,0x3a,0x20,0x68,0x69,0x73,0x74,0x6f,0x72,0x79,
  0x5f,0x70,0x61,0x67,0x65,0xa,0xa,0x20,0x20,0x20,0x20,0x70,0x72,0x6f,0x70,0x65,
  0x72,0x74,0x79,0x20,0x73,0x74,0x72,0x69,0x6e,0x67,0x20,0x66,0x72,0x6f,0x6d,0x5f,
  0x64,0x61,0x74,0x65,0x3a,0x20,0x22,0x22,0xa,0x20,0x20,0x20,0x20,0x70,0x72,0x6f,
  0x70,0x65,0x72,0x74,0x79,0x20,0x73,0x74,0x72,0x69,0x6e,0x67,0x20,0x74,0x6f,0x5f,
  0x64,0x61,0x74,0x65,0x3a,0x20,0x22,0x22,0xa,0xa,0x20,0x20,0x20,0x20,0x43,0x6f,
  0x6d,0x70,0x6f,0x6e,0x65,0x6e,0x74,0x2e,0x6f,0x6e,0x43,0x6f,0x6d,0x70,0x6c,0x65,
  0x74,0x65,0x64,0x3a,0x20,0x68,0x69,0x73,0x74,0x6f,0x72,0x79,0x5f,0x63,0x6f,0x6e,
  0x74,0x72,0x6f,0x6c,0x6c,0x65,0x72,0x2e,0x6c,0x6f,0x61,0x64,0x5f,0x6c,0x69,0x73,
  0x74,0x28,0x66,0x72,0x6f,0x6d,0x5f,0x64,0x61,0x74,0x65,0x2c,0x20,0x74,0x6f,0x5f,
  0x64,0x61,0x74,0x65,0x2c,0x20,0x31,0x2c,0x20,0x32,0x30,0x29,0xa,0xa,0x20,0x20,
  0x20,0x20,0x43,0x6f,0x6e,0x6e,0x65,0x63,0x74,0x69,0x6f,0x6e,0x73,0x20,0x7b,0xa,
  0x20,0x20,0x20,0x20,0x20,0x20,0x20,0x20,0x74,0x61,0x72,0x67,0x65,0x74,0x3a,0x20,
  0x68,0x69,0x73,0x74,0x6f,0x72,0x79,0x5f,0x63,0x6f,0x6e,0x74,0x72,0x6f,0x6c,0x6c,
  0x65,0x72,0xa,0x20,0x20,0x20,0x20,0x20,0x20,0x20,0x20,0x66,0x75,0x6e,0x63,0x74,
  0x69,0x6f,0x6e,0x20,0x6f,0x6e,0x4c,0x69,0x73,0x74,0x5f,0x6c,0x6f,0x61,0x64,0x5f,
  0x66,0x61,0x69,0x6c,0x65,0x64,0x28,0x65,0x72,0x72,0x6f,0x72,0x5f,0x63,0x6f,0x64,
  0x65,0x29,0x20,0x7b,0xa,0x20,0x20,0x20,0x20,0x20,0x20,0x20,0x20,0x20,0x20,0x20,
  0x20,0x61,0x70,0x70,0x5f,0x63,0x6f,0x6e,0x74,0x72,0x6f,0x6c,0x6c,0x65,0x72,0x2e,
  0x73,0x68,0x6f,0x77,0x5f,0x74,0x6f,0x61,0x73,0x74,0x28,0x71,0x73,0x54,0x72,0x28,
  0x22,0xec,0x9d,0xb4,0xeb,0xa0,0xa5,0x20,0xeb,0xa1,0x9c,0xeb,0x93,0x9c,0x20,0xec,
  0x8b,0xa4,0xed,0x8c,0xa8,0x3a,0x20,0x22,0x29,0x20,0x2b,0x20,0x65,0x72,0x72,0x6f,
  0x72,0x5f,0x63,0x6f,0x64,0x65,0x29,0xa,0x20,0x20,0x20,0x20,0x20,0x20,0x20,0x20,
  0x7d,0xa,0x20,0x20,0x20,0x20,0x7d,0xa,0xa,0x20,0x20,0x20,0x20,0x43,0x6f,0x6c,
  0x75,0x6d,0x6e,0x4c,0x61,0x79,0x6f,0x75,0x74,0x20,0x7b,0xa,0x20,0x20,0x20,0x20,
  0x20,0x20,0x20,0x20,0x61,0x6e,0x63,0x68,0x6f,0x72,0x73,0x2e,0x66,0x69,0x6c,0x6c,
  0x3a,0x20,0x70,0x61,0x72,0x65,0x6e,0x74,0xa,0x20,0x20,0x20,0x20,0x20,0x20,0x20,
  0x20,0x61,0x6e,0x63,0x68,0x6f,0x72,0x73,0x2e,0x6d,0x61,0x72,0x67,0x69,0x6e,0x73,
  0x3a,0x20,0x32,0x34,0xa,0x20,0x20,0x20,0x20,0x20,0x20,0x20,0x20,0x73,0x70,0x61,
  0x63,0x69,0x6e,0x67,0x3a,0x20,0x31,0x36,0xa,0xa,0x20,0x20,0x20,0x20,0x20,0x20,
  0x20,0x20,0x4c,0x61,0x62,0x65,0x6c,0x20,0x7b,0xa,0x20,0x20,0x20,0x20,0x20,0x20,
  0x20,0x20,0x20,0x20,0x20,0x20,0x74,0x65,0x78,0x74,0x3a,0x20,0x71,0x73,0x54,0x72,
  0x28,0x22,0xeb,0xb3,0xb5,0xec,0x95,0xbd,0x20,0xec,0x9d,0xb4,0xeb,0xa0,0xa5,0x22,
  0x29,0xa,0x20,0x20,0x20,0x20,0x20,0x20,0x20,0x20,0x20,0x20,0x20,0x20,0x66,0x6f,
  0x6e,0x74,0x2e,0x70,0x69,0x78,0x65,0x6c,0x53,0x69,0x7a,0x65,0x3a,0x20,0x32,0x34,
  0xa,0x20,0x20,0x20,0x20,0x20,0x20,0x20,0x20,0x20,0x20,0x20,0x20,0x66,0x6f,0x6e,
  0x74,0x2e,0x62,0x6f,0x6c,0x64,0x3a,0x20,0x74,0x72,0x75,0x65,0xa,0x20,0x20,0x20,
  0x20,0x20,0x20,0x20,0x20,0x7d,0xa,0xa,0x20,0x20,0x20,0x20,0x20,0x20,0x20,0x20,
  0x2f,0x2f,0x20,0xea,0xb8,0xb0,0xea,0xb0,0x84,0x20,0xed,0x95,0x84,0xed,0x84,0xb0,
  0x20,0xec,0x9e,0x90,0xeb,0xa6,0xac,0x20,0x28,0x44,0x61,0x74,0x65,0x50,0x69,0x63,
  0x6b,0x65,0x72,0x20,0xe2,0x80,0x94,0x20,0x54,0x4f,0x44,0x4f,0x29,0xa,0x20,0x20,
  0x20,0x20,0x20,0x20,0x20,0x20,0x52,0x6f,0x77,0x4c,0x61,0x79,0x6f,0x75,0x74,0x20,
  0x7b,0xa,0x20,0x20,0x20,0x20,0x20,0x20,0x20,0x20,0x20,0x20,0x20,0x20,0x73,0x70,
  0x61,0x63,0x69,0x6e,0x67,0x3a,0x20,0x38,0xa,0x20,0x20,0x20,0x20,0x20,0x20,0x20,
  0x20,0x20,0x20,0x20,0x20,0x4c,0x61,0x62,0x65,0x6c,0x20,0x7b,0x20,0x74,0x65,0x78,
  0x74,0x3a,0x20,0x71,0x73,0x54,0x72,0x28,0x22,0xea,0xb8,0xb0,0xea,0xb0,0x84,0x3a,
  0x22,0x29,0x20,0x7d,0xa,0x20,0x20,0x20,0x20,0x20,0x20,0x20,0x20,0x20,0x20,0x20,
  0x20,0x54,0x65,0x78,0x74,0x46,0x69,0x65,0x6c,0x64,0x20,0x7b,0xa,0x20,0x20,0x20,
  0x20,0x20,0x20,0x20,0x20,0x20,0x20,0x20,0x20,0x20,0x20,0x20,0x20,0x69,0x64,0x3a,
  0x20,0x66,0x72,0x6f,0x6d,0x5f,0x66,0x69,0x65,0x6c,0x64,0xa,0x20,0x20,0x20,0x20,
  0x20,0x20,0x20,0x20,0x20,0x20,0x20,0x20,0x20,0x20,0x20,0x20,0x70,0x6c,0x61,0x63,
  0x65,0x68,0x6f,0x6c,0x64,0x65,0x72,0x54,0x65,0x78,0x74,0x3a,0x20,0x71,0x73,0x54,
  0x72,0x28,0x22,0x59,0x59,0x59,0x59,0x2d,0x4d,0x4d,0x2d,0x44,0x44,0x22,0x29,0xa,
  0x20,0x20,0x20,0x20,0x20,0x20,0x20,0x20,0x20,0x20,0x20,0x20,0x20,0x20,0x20,0x20,
  0x4c,0x61,0x79,0x6f,0x75,0x74,0x2e,0x70,0x72,0x65,0x66,0x65,0x72,0x72,0x65,0x64,
  0x57,0x69,0x64,0x74,0x68,0x3a,0x20,0x31,0x34,0x30,0xa,0x20,0x20,0x20,0x20,0x20,
  0x20,0x20,0x20,0x20,0x20,0x20,0x20,0x7d,0xa,0x20,0x20,0x20,0x20,0x20,0x20,0x20,
  0x20,0x20,0x20,0x20,0x20,0x4c,0x61,0x62,0x65,0x6c,0x20,0x7b,0x20,0x74,0x65,0x78,
  0x74,0x3a,0x20,0x22,0x20,0x7e,0x20,0x22,0x20,0x7d,0xa,0x20,0x20,0x20,0x20,0x20,
  0x20,0x20,0x20,0x20,0x20,0x20,0x20,0x54,0x65,0x78,0x74,0x46,0x69,0x65,0x6c,0x64,
  0x20,0x7b,0xa,0x20,0x20,0x20,0x20,0x20,0x20,0x20,0x20,0x20,0x20,0x20,0x20,0x20,
  0x20,0x20,0x20,0x69,0x64,0x3a,0x20,0x74,0x6f,0x5f,0x66,0x69,0x65,0x6c,0x64,0xa,
  0x20,0x20,0x20,0x20,0x20,0x20,0x20,0x20,0x20,0x20,0x20,0x20,0x20,0x20,0x20,0x20,
  0x70,0x6c,0x61,0x63,0x65,0x68,0x6f,0x6c,0x64,0x65,0x72,0x54,0x65,0x78,0x74,0x3a,
  0x20,0x71,0x73,0x54,0x72,0x28,0x22,0x59,0x59,0x59,0x59,0x2d,0x4d,0x4d,0x2d,0x44,
  0x44,0x22,0x29,0xa,0x20,0x20,0x20,0x20,0x20,0x20,0x20,0x20,0x20,0x20,0x20,0x20,
  0x20,0x20,0x20,0x20,0x4c,0x61,0x79,0x6f,0x75,0x74,0x2e,0x70,0x72,0x65,0x66,0x65,
  0x72,0x72,0x65,0x64,0x57,0x69,0x64,0x74,0x68,0x3a,0x20,0x31,0x34,0x30,0xa,0x20,
  0x20,0x20,0x20,0x20,0x20,0x20,0x20,0x20,0x20,0x20,0x20,0x7d,0xa,0x20,0x20,0x20,
  0x20,0x20,0x20,0x20,0x20,0x20,0x20,0x20,0x20,0x41,0x70,0x70,0x42,0x75,0x74,0x74,
  0x6f,0x6e,0x20,0x7b,0xa,0x20,0x20,0x20,0x20,0x20,0x20,0x20,0x20,0x20,0x20,0x20,
  0x20,0x20,0x20,0x20,0x20,0x74,0x65,0x78,0x74,0x3a,0x20,0x71,0x73,0x54,0x72,0x28,
  0x22,0xec,0xa1,0xb0,0xed,0x9a,0x8c,0x22,0x29,0xa,0x20,0x20,0x20,0x20,0x20,0x20,
  0x20,0x20,0x20,0x20,0x20,0x20,0x20,0x20,0x20,0x20,0x6f,0x6e,0x43,0x6c,0x69,0x63,
  0x6b,0x65,0x64,0x3a,0x20,0x7b,0xa,0x20,0x20,0x20,0x20,0x20,0x20,0x20,0x20,0x20,
  0x20,0x20,0x20,0x20,0x20,0x20,0x20,0x20,0x20,0x20,0x20,0x68,0x69,0x73,0x74,0x6f,
  0x72,0x79,0x5f,0x70,0x61,0x67,0x65,0x2e,0x66,0x72,0x6f,0x6d,0x5f,0x64,0x61,0x74,
  0x65,0x20,0x3d,0x20,0x66,0x72,0x6f,0x6d,0x5f,0x66,0x69,0x65,0x6c,0x64,0x2e,0x74,
  0x65,0x78,0x74,0xa,0x20,0x20,0x20,0x20,0x20,0x20,0x20,0x20,0x20,0x20,0x20,0x20,
  0x20,0x20,0x20,0x20,0x20,0x20,0x20,0x20,0x68,0x69,0x73,0x74,0x6f,0x72,0x79,0x5f,
  0x70,0x61,0x67,0x65,0x2e,0x74,0x6f,0x5f,0x64,0x61,0x74,0x65,0x20,0x3d,0x20,0x74,
  0x6f,0x5f,0x66,0x69,0x65,0x6c,0x64,0x2e,0x74,0x65,0x78,0x74,0xa,0x20,0x20,0x20,
  0x20,0x20,0x20,0x20,0x20,0x20,0x20,0x20,0x20,0x20,0x20,0x20,0x20,0x20,0x20,0x20,
  0x20,0x68,0x69,0x73,0x74,0x6f,0x72,0x79,0x5f,0x63,0x6f,0x6e,0x74,0x72,0x6f,0x6c,
  0x6c,0x65,0x72,0x2e,0x6c,0x6f,0x61,0x64,0x5f,0x6c,0x69,0x73,0x74,0x28,0x66,0x72,
  0x6f,0x6d,0x5f,0x64,0x61,0x74,0x65,0x2c,0x20,0x74,0x6f,0x5f,0x64,0x61,0x74,0x65,
  0x2c,0x20,0x31,0x2c,0x20,0x32,0x30,0x29,0xa,0x20,0x20,0x20,0x20,0x20,0x20,0x20,
  0x20,0x20,0x20,0x20,0x20,0x20,0x20,0x20,0x20,0x7d,0xa,0x20,0x20,0x20,0x20,0x20,
  0x20,0x20,0x20,0x20,0x20,0x20,0x20,0x7d,0xa,0x20,0x20,0x20,0x20,0x20,0x20,0x20,
  0x20,0x7d,0xa,0xa,0x20,0x20,0x20,0x20,0x20,0x20,0x20,0x20,0x2f,0x2f,0x20,0xea,
  0xb2,0xb0,0xea,0xb3,0xbc,0x20,0xeb,0xa6,0xac,0xec,0x8a,0xa4,0xed,0x8a,0xb8,0x20,
  0xec,0x9e,0x90,0xeb,0xa6,0xac,0x20,0x28,0x68,0x69,0x73,0x74,0x6f,0x72,0x79,0x5f,
  0x6c,0x69,0x73,0x74,0x5f,0x6d,0x6f,0x64,0x65,0x6c,0x20,0xec,0xbb,0xa8,0xed,0x85,
  0x8d,0xec,0x8a,0xa4,0xed,0x8a,0xb8,0x20,0xeb,0x93,0xb1,0xeb,0xa1,0x9d,0x20,0xed,
  0x9b,0x84,0x20,0x4c,0x69,0x73,0x74,0x56,0x69,0x65,0x77,0x29,0xa,0x20,0x20,0x20,
  0x20,0x20,0x20,0x20,0x20,0x52,0x65,0x63,0x74,0x61,0x6e,0x67,0x6c,0x65,0x20,0x7b,
  0xa,0x20,0x20,0x20,0x20,0x20,0x20,0x20,0x20,0x20,0x20,0x20,0x20,0x4c,0x61,0x79,
  0x6f,0x75,0x74,0x2e,0x66,0x69,0x6c,0x6c,0x57,0x69,0x64,0x74,0x68,0x3a,0x20,0x74,
  0x72,0x75,0x65,0xa,0x20,0x20,0x20,0x20,0x20,0x20,0x20,0x20,0x20,0x20,0x20,0x20,
  0x4c,0x61,0x79,0x6f,0x75,0x74,0x2e,0x66,0x69,0x6c,0x6c,0x48,0x65,0x69,0x67,0x68,
  0x74,0x3a,0x20,0x74,0x72,0x75,0x65,0xa,0x20,0x20,0x20,0x20,0x20,0x20,0x20,0x20,
  0x20,0x20,0x20,0x20,0x63,0x6f,0x6c,0x6f,0x72,0x3a,0x20,0x22,0x23,0x46,0x41,0x46,
  0x41,0x46,0x41,0x22,0xa,0x20,0x20,0x20,0x20,0x20,0x20,0x20,0x20,0x20,0x20,0x20,
  0x20,0x62,0x6f,0x72,0x64,0x65,0x72,0x2e,0x63,0x6f,0x6c,0x6f,0x72,0x3a,0x20,0x22,
  0x23,0x45,0x30,0x45,0x30,0x45,0x30,0x22,0xa,0xa,0x20,0x20,0x20,0x20,0x20,0x20,
  0x20,0x20,0x20,0x20,0x20,0x20,0x4c,0x61,0x62,0x65,0x6c,0x20,0x7b,0xa,0x20,0x20,
  0x20,0x20,0x20,0x20,0x20,0x20,0x20,0x20,0x20,0x20,0x20,0x20,0x20,0x20,0x61,0x6e,
  0x63,0x68,0x6f,0x72,0x73,0x2e,0x63,0x65,0x6e,0x74,0x65,0x72,0x49,0x6e,0x3a,0x20,
  0x70,0x61,0x72,0x65,0x6e,0x74,0xa,0x20,0x20,0x20,0x20,0x20,0x20,0x20,0x20,0x20,
  0x20,0x20,0x20,0x20,0x20,0x20,0x20,0x74,0x65,0x78,0x74,0x3a,0x20,0x71,0x73,0x54,
  0x72,0x28,0x22,0xec,0xb4,0x9d,0x20,0x22,0x29,0x20,0x2b,0x20,0x68,0x69,0x73,0x74,
  0x6f,0x72,0x79,0x5f,0x63,0x6f,0x6e,0x74,0x72,0x6f,0x6c,0x6c,0x65,0x72,0x2e,0x74,
  0x6f,0x74,0x61,0x6c,0x5f,0x63,0x6f,0x75,0x6e,0x74,0x20,0x2b,0x20,0x71,0x73,0x54,
  0x72,0x28,0x22,0x20,0xea,0xb1,0xb4,0x22,0x29,0xa,0x20,0x20,0x20,0x20,0x20,0x20,
  0x20,0x20,0x20,0x20,0x20,0x20,0x20,0x20,0x20,0x20,0x63,0x6f,0x6c,0x6f,0x72,0x3a,
  0x20,0x22,0x23,0x36,0x31,0x36,0x31,0x36,0x31,0x22,0xa,0x20,0x20,0x20,0x20,0x20,
  0x20,0x20,0x20,0x20,0x20,0x20,0x20,0x7d,0xa,0x20,0x20,0x20,0x20,0x20,0x20,0x20,
  0x20,0x7d,0xa,0xa,0x20,0x20,0x20,0x20,0x20,0x20,0x20,0x20,0x41,0x70,0x70,0x42,
  0x75,0x74,0x74,0x6f,0x6e,0x20,0x7b,0xa,0x20,0x20,0x20,0x20,0x20,0x20,0x20,0x20,
  0x20,0x20,0x20,0x20,0x74,0x65,0x78,0x74,0x3a,0x20,0x71,0x73,0x54,0x72,0x28,0x22,
  0xeb,0x92,0xa4,0xeb,0xa1,0x9c,0x22,0x29,0xa,0x20,0x20,0x20,0x20,0x20,0x20,0x20,
  0x20,0x20,0x20,0x20,0x20,0x76,0x61,0x72,0x69,0x61,0x6e,0x74,0x3a,0x20,0x22,0x73,
  0x65,0x63,0x6f,0x6e,0x64,0x61,0x72,0x79,0x22,0xa,0x20,0x20,0x20,0x20,0x20,0x20,
  0x20,0x20,0x20,0x20,0x20,0x20,0x4c,0x61,0x79,0x6f,0x75,0x74,0x2e,0x66,0x69,0x6c,
  0x6c,0x57,0x69,0x64,0x74,0x68,0x3a,0x20,0x74,0x72,0x75,0x65,0xa,0x20,0x20,0x20,
  0x20,0x20,0x20,0x20,0x20,0x20,0x20,0x20,0x20,0x6f,0x6e,0x43,0x6c,0x69,0x63,0x6b,
  0x65,0x64,0x3a,0x20,0x73,0x74,0x61,0x63,0x6b,0x2e,0x70,0x6f,0x70,0x28,0x29,0xa,
  0x20,0x20,0x20,0x20,0x20,0x20,0x20,0x20,0x7d,0xa,0x20,0x20,0x20,0x20,0x7d,0xa,
  0x7d,0xa,
    // PillPoolPage.qml
  0x0,0x0,0xa,0xd2,
  0x2f,
  0x2f,0x20,0x3d,0x3d,0x3d,0x3d,0x3d,0x3d,0x3d,0x3d,0x3d,0x3d,0x3d,0x3d,0x3d,0x3d,
  0x3d,0x3d,0x3d,0x3d,0x3d,0x3d,0x3d,0x3d,0x3d,0x3d,0x3d,0x3d,0x3d,0x3d,0x3d,0x3d,
  0x3d,0x3d,0x3d,0x3d,0x3d,0x3d,0x3d,0x3d,0x3d,0x3d,0x3d,0x3d,0x3d,0x3d,0x3d,0x3d,
  0x3d,0x3d,0x3d,0x3d,0x3d,0x3d,0x3d,0xa,0x2f,0x2f,0x20,0x50,0x69,0x6c,0x6c,0x50,
  0x6f,0x6f,0x6c,0x50,0x61,0x67,0x65,0x20,0xe2,0x80,0x94,0x20,0xec,0x82,0xac,0xec,
  0x9a,0xa9,0xec,0x9e,0x90,0x20,0xec,0x95,0xbd,0x20,0xed,0x92,0x80,0x20,0xea,0xb4,
  0x80,0xeb,0xa6,0xac,0x20,0x28,0xeb,0xaa,0xa8,0xeb,0x93,0x88,0x20,0x31,0x29,0xa,
  0x2f,0x2f,0x20,0x3d,0x3d,0x3d,0x3d,0x3d,0x3d,0x3d,0x3d,0x3d,0x3d,0x3d,0x3d,0x3d,
  0x3d,0x3d,0x3d,0x3d,0x3d,0x3d,0x3d,0x3d,0x3d,0x3d,0x3d,0x3d,0x3d,0x3d,0x3d,0x3d,
  0x3d,0x3d,0x3d,0x3d,0x3d,0x3d,0x3d,0x3d,0x3d,0x3d,0x3d,0x3d,0x3d,0x3d,0x3d,0x3d,
  0x3d,0x3d,0x3d,0x3d,0x3d,0x3d,0x3d,0x3d,0xa,0x69,0x6d,0x70,0x6f,0x72,0x74,0x20,
  0x51,0x74,0x51,0x75,0x69,0x63,0x6b,0xa,0x69,0x6d,0x70,0x6f,0x72,0x74,0x20,0x51,
  0x74,0x51,0x75,0x69,0x63,0x6b,0x2e,0x43,0x6f,0x6e,0x74,0x72,0x6f,0x6c,0x73,0xa,
  0x69,0x6d,0x70,0x6f,0x72,0x74,0x20,0x51,0x74,0x51,0x75,0x69,0x63,0x6b,0x2e,0x4c,
  0x61,0x79,0x6f,0x75,0x74,0x73,0xa,0x69,0x6d,0x70,0x6f,0x72,0x74,0x20,0x22,0x2e,
  0x2e,0x2f,0x43,0x6f,0x6d,0x70,0x6f,0x6e,0x65,0x6e,0x74,0x73,0x22,0xa,0xa,0x50,
  0x61,0x67,0x65,0x20,0x7b,0xa,0x20,0x20,0x20,0x20,0x69,0x64,0x3a,0x20,0x70,0x6f,
  0x6f,0x6c,0x5f,0x70,0x61,0x67,0x65,0xa,0xa,0x20,0x20,0x20,0x20,0x43,0x6f,0x6d,
  0x70,0x6f,0x6e,0x65,0x6e,0x74,0x2e,0x6f,0x6e,0x43,0x6f,0x6d,0x70,0x6c,0x65,0x74,
  0x65,0x64,0x3a,0x20,0x70,0x69,0x6c,0x6c,0x5f,0x63,0x6f,0x6e,0x74,0x72,0x6f,0x6c,
  0x6c,0x65,0x72,0x2e,0x6c,0x6f,0x61,0x64,0x5f,0x70,0x6f,0x6f,0x6c,0x28,0x66,0x61,
  0x6c,0x73,0x65,0x29,0xa,0xa,0x20,0x20,0x20,0x20,0x43,0x6f,0x6e,0x6e,0x65,0x63,
  0x74,0x69,0x6f,0x6e,0x73,0x20,0x7b,0xa,0x20,0x20,0x20,0x20,0x20,0x20,0x20,0x20,
  0x74,0x61,0x72,0x67,0x65,0x74,0x3a,0x20,0x70,0x69,0x6c,0x6c,0x5f,0x63,0x6f,0x6e,
  0x74,0x72,0x6f,0x6c,0x6c,0x65,0x72,0xa,0x20,0x20,0x20,0x20,0x20,0x20,0x20,0x20,
  0x66,0x75,0x6e,0x63,0x74,0x69,0x6f,0x6e,0x20,0x6f,0x6e,0x50,0x6f,0x6f,0x6c,0x5f,
  0x63,0x68,0x61,0x6e,0x67,0x65,0x64,0x28,0x29,0x20,0x7b,0x20,0x70,0x69,0x6c,0x6c,
  0x5f,0x63,0x6f,0x6e,0x74,0x72,0x6f,0x6c,0x6c,0x65,0x72,0x2e,0x6c,0x6f,0x61,0x64,
  0x5f,0x70,0x6f,0x6f,0x6c,0x28,0x66,0x61,0x6c,0x73,0x65,0x29,0x20,0x7d,0xa,0x20,
  0x20,0x20,0x20,0x20,0x20,0x20,0x20,0x66,0x75,0x6e,0x63,0x74,0x69,0x6f,0x6e,0x20,
  0x6f,0x6e,0x50,0x6f,0x6f,0x6c,0x5f,0x6c,0x6f,0x61,0x64,0x5f,0x66,0x61,0x69,0x6c,
  0x65,0x64,0x28,0x65,0x72,0x72,0x6f,0x72,0x5f,0x63,0x6f,0x64,0x65,0x29,0x20,0x7b,
  0xa,0x20,0x20,0x20,0x20,0x20,0x20,0x20,0x20,0x20,0x20,0x20,0x20,0x61,0x70,0x70,
  0x5f,0x63,0x6f,0x6e,0x74,0x72,0x6f,0x6c,0x6c,0x65,0x72,0x2e,0x73,0x68,0x6f,0x77,
  0x5f,0x74,0x6f,0x61,0x73,0x74,0x28,0x71,0x73,0x54,0x72,0x28,0x22,0xec,0x95,0xbd,
  0x20,0xed,0x92,0x80,0x20,0xeb,0xa1,0x9c,0xeb,0x93,0x9c,0x20,0xec,0x8b,0xa4,0xed,
  0x8c,0xa8,0x3a,0x20,0x22,0x29,0x20,0x2b,0x20,0x65,0x72,0x72,0x6f,0x72,0x5f,0x63,
  0x6f,0x64,0x65,0x29,0xa,0x20,0x20,0x20,0x20,0x20,0x20,0x20,0x20,0x7d,0xa,0x20,
  0x20,0x20,0x20,0x7d,0xa,0xa,0x20,0x20,0x20,0x20,0x43,0x6f,0x6c,0x75,0x6d,0x6e,
  0x4c,0x61,0x79,0x6f,0x75,0x74,0x20,0x7b,0xa,0x20,0x20,0x20,0x20,0x20,0x20,0x20,
  0x20,0x61,0x6e,0x63,0x68,0x6f,0x72,0x73,0x2e,0x66,0x69,0x6c,0x6c,0x3a,0x20,0x70,
  0x61,0x72,0x65,0x6e,0x74,0xa,0x20,0x20,0x20,0x20,0x20,0x20,0x20,0x20,0x61,0x6e,
  0x63,0x68,0x6f,0x72,0x73,0x2e,0x6d,0x61,0x72,0x67,0x69,0x6e,0x73,0x3a,0x20,0x32,
  0x34,0xa,0x20,0x20,0x20,0x20,0x20,0x20,0x20,0x20,0x73,0x70,0x61,0x63,0x69,0x6e,
  0x67,0x3a,0x20,0x31,0x36,0xa,0xa,0x20,0x20,0x20,0x20,0x20,0x20,0x20,0x20,0x4c,
  0x61,0x62,0x65,0x6c,0x20,0x7b,0xa,0x20,0x20,0x20,0x20,0x20,0x20,0x20,0x20,0x20,
  0x20,0x20,0x20,0x74,0x65,0x78,0x74,0x3a,0x20,0x71,0x73,0x54,0x72,0x28,0x22,0xeb,
  0x93,0xb1,0xeb,0xa1,0x9d,0xeb,0x90,0x9c,0x20,0xec,0x95,0xbd,0x20,0xed,0x92,0x80,
  0x22,0x29,0xa,0x20,0x20,0x20,0x20,0x20,0x20,0x20,0x20,0x20,0x20,0x20,0x20,0x66,
  0x6f,0x6e,0x74,0x2e,0x70,0x69,0x78,0x65,0x6c,0x53,0x69,0x7a,0x65,0x3a,0x20,0x32,
  0x34,0xa,0x20,0x20,0x20,0x20,0x20,0x20,0x20,0x20,0x20,0x20,0x20,0x20,0x66,0x6f,
  0x6e,0x74,0x2e,0x62,0x6f,0x6c,0x64,0x3a,0x20,0x74,0x72,0x75,0x65,0xa,0x20,0x20,
  0x20,0x20,0x20,0x20,0x20,0x20,0x7d,0xa,0xa,0x20,0x20,0x20,0x20,0x20,0x20,0x20,
  0x20,0x2f,0x2f,0x20,0xec,0x95,0xbd,0x20,0xed,0x92,0x80,0x20,0xeb,0xa6,0xac,0xec,
  0x8a,0xa4,0xed,0x8a,0xb8,0x20,0x28,0x54,0x4f,0x44,0x4f,0x3a,0x20,0x70,0x6f,0x6f,
  0x6c,0x5f,0x69,0x74,0x65,0x6d,0x5f,0x6c,0x69,0x73,0x74,0x5f,0x6d,0x6f,0x64,0x65,
  0x6c,0x20,0xec,0xbb,0xa8,0xed,0x85,0x8d,0xec,0x8a,0xa4,0xed,0x8a,0xb8,0x20,0xeb,
  0x93,0xb1,0xeb,0xa1,0x9d,0x20,0xed,0x9b,0x84,0x20,0x4c,0x69,0x73,0x74,0x56,0x69,
  0x65,0x77,0x29,0xa,0x20,0x20,0x20,0x20,0x20,0x20,0x20,0x20,0x52,0x65,0x63,0x74,
  0x61,0x6e,0x67,0x6c,0x65,0x20,0x7b,0xa,0x20,0x20,0x20,0x20,0x20,0x20,0x20,0x20,
  0x20,0x20,0x20,0x20,0x4c,0x61,0x79,0x6f,0x75,0x74,0x2e,0x66,0x69,0x6c,0x6c,0x57,
  0x69,0x64,0x74,0x68,0x3a,0x20,0x74,0x72,0x75,0x65,0xa,0x20,0x20,0x20,0x20,0x20,
  0x20,0x20,0x20,0x20,0x20,0x20,0x20,0x4c,0x61,0x79,0x6f,0x75,0x74,0x2e,0x66,0x69,
  0x6c,0x6c,0x48,0x65,0x69,0x67,0x68,0x74,0x3a,0x20,0x74,0x72,0x75,0x65,0xa,0x20,
  0x20,0x20,0x20,0x20,0x20,0x20,0x20,0x20,0x20,0x20,0x20,0x63,0x6f,0x6c,0x6f,0x72,
  0x3a,0x20,0x22,0x23,0x46,0x41,0x46,0x41,0x46,0x41,0x22,0xa,0x20,0x20,0x20,0x20,
  0x20,0x20,0x20,0x20,0x20,0x20,0x20,0x20,0x62,0x6f,0x72,0x64,0x65,0x72,0x2e,0x63,
  0x6f,0x6c,0x6f,0x72,0x3a,0x20,0x22,0x23,0x45,0x30,0x45,0x30,0x45,0x30,0x22,0xa,
  0xa,0x20,0x20,0x20,0x20,0x20,0x20,0x20,0x20,0x20,0x20,0x20,0x20,0x4c,0x61,0x62,
  0x65,0x6c,0x20,0x7b,0xa,0x20,0x20,0x20,0x20,0x20,0x20,0x20,0x20,0x20,0x20,0x20,
  0x20,0x20,0x20,0x20,0x20,0x61,0x6e,0x63,0x68,0x6f,0x72,0x73,0x2e,0x63,0x65,0x6e,
  0x74,0x65,0x72,0x49,0x6e,0x3a,0x20,0x70,0x61,0x72,0x65,0x6e,0x74,0xa,0x20,0x20,
  0x20,0x20,0x20,0x20,0x20,0x20,0x20,0x20,0x20,0x20,0x20,0x20,0x20,0x20,0x74,0x65,
  0x78,0x74,0x3a,0x20,0x71,0x73,0x54,0x72,0x28,0x22,0x28,0x70,0x6f,0x6f,0x6c,0x5f,
  0x69,0x74,0x65,0x6d,0x5f,0x6c,0x69,0x73,0x74,0x5f,0x6d,0x6f,0x64,0x65,0x6c,0x20,
  0xeb,0x93,0xb1,0xeb,0xa1,0x9d,0x20,0xed,0x9b,0x84,0x20,0x4c,0x69,0x73,0x74,0x56,
  0x69,0x65,0x77,0xeb,0xa1,0x9c,0x20,0xed,0x91,0x9c,0xec,0x8b,0x9c,0x29,0x22,0x29,
  0xa,0x20,0x20,0x20,0x20,0x20,0x20,0x20,0x20,0x20,0x20,0x20,0x20,0x20,0x20,0x20,
  0x20,0x63,0x6f,0x6c,0x6f,0x72,0x3a,0x20,0x22,0x23,0x39,0x45,0x39,0x45,0x39,0x45,
  0x22,0xa,0x20,0x20,0x20,0x20,0x20,0x20,0x20,0x20,0x20,0x20,0x20,0x20,0x7d,0xa,
  0x20,0x20,0x20,0x20,0x20,0x20,0x20,0x20,0x7d,0xa,0xa,0x20,0x20,0x20,0x20,0x20,
  0x20,0x20,0x20,0x52,0x6f,0x77,0x4c,0x61,0x79,0x6f,0x75,0x74,0x20,0x7b,0xa,0x20,
  0x20,0x20,0x20,0x20,0x20,0x20,0x20,0x20,0x20,0x20,0x20,0x4c,0x61,0x79,0x6f,0x75,
  0x74,0x2e,0x66,0x69,0x6c,0x6c,0x57,0x69,0x64,0x74,0x68,0x3a,0x20,0x74,0x72,0x75,
  0x65,0xa,0x20,0x20,0x20,0x20,0x20,0x20,0x20,0x20,0x20,0x20,0x20,0x20,0x73,0x70,
  0x61,0x63,0x69,0x6e,0x67,0x3a,0x20,0x31,0x36,0xa,0xa,0x20,0x20,0x20,0x20,0x20,
  0x20,0x20,0x20,0x20,0x20,0x20,0x20,0x41,0x70,0x70,0x42,0x75,0x74,0x74,0x6f,0x6e,
  0x20,0x7b,0xa,0x20,0x20,0x20,0x20,0x20,0x20,0x20,0x20,0x20,0x20,0x20,0x20,0x20,
  0x20,0x20,0x20,0x74,0x65,0x78,0x74,0x3a,0x20,0x71,0x73,0x54,0x72,0x28,0x22,0xec,
  0x9d,0x8c,0xec,0x84,0xb1,0xec,0x9c,0xbc,0xeb,0xa1,0x9c,0x20,0xeb,0x93,0xb1,0xeb,
  0xa1,0x9d,0x22,0x29,0xa,0x20,0x20,0x20,0x20,0x20,0x20,0x20,0x20,0x20,0x20,0x20,
  0x20,0x20,0x20,0x20,0x20,0x4c,0x61,0x79,0x6f,0x75,0x74,0x2e,0x66,0x69,0x6c,0x6c,
  0x57,0x69,0x64,0x74,0x68,0x3a,0x20,0x74,0x72,0x75,0x65,0xa,0x20,0x20,0x20,0x20,
  0x20,0x20,0x20,0x20,0x20,0x20,0x20,0x20,0x20,0x20,0x20,0x20,0x6f,0x6e,0x43,0x6c,
  0x69,0x63,0x6b,0x65,0x64,0x3a,0x20,0x61,0x70,0x70,0x5f,0x63,0x6f,0x6e,0x74,0x72,
  0x6f,0x6c,0x6c,0x65,0x72,0x2e,0x73,0x68,0x6f,0x77,0x5f,0x74,0x6f,0x61,0x73,0x74,
  0x28,0xa,0x20,0x20,0x20,0x20,0x20,0x20,0x20,0x20,0x20,0x20,0x20,0x20,0x20,0x20,
  0x20,0x20,0x20,0x20,0x20,0x20,0x71,0x73,0x54,0x72,0x28,0x22,0xed,0x8f,0xb0,0xec,
  0x9d,0x98,0x20,0x50,0x57,0x41,0x20,0xed,0x8e,0x98,0xec,0x9d,0xb4,0xec,0xa7,0x80,
  0xec,0x97,0x90,0xec,0x84,0x9c,0x20,0xeb,0xa7,0x88,0xec,0x9d,0xb4,0xed,0x81,0xac,
  0x20,0xec,0x9e,0x85,0xeb,0xa0,0xa5,0xed,0x95,0xb4,0xec,0xa3,0xbc,0xec,0x84,0xb8,
  0xec,0x9a,0x94,0x22,0x29,0x29,0xa,0x20,0x20,0x20,0x20,0x20,0x20,0x20,0x20,0x20,
  0x20,0x20,0x20,0x7d,0xa,0xa,0x20,0x20,0x20,0x20,0x20,0x20,0x20,0x20,0x20,0x20,
  0x20,0x20,0x41,0x70,0x70,0x42,0x75,0x74,0x74,0x6f,0x6e,0x20,0x7b,0xa,0x20,0x20,
  0x20,0x20,0x20,0x20,0x20,0x20,0x20,0x20,0x20,0x20,0x20,0x20,0x20,0x20,0x74,0x65,
  0x78,0x74,0x3a,0x20,0x71,0x73,0x54,0x72,0x28,0x22,0xec,0xa7,0x81,0xec,0xa0,0x91,
  0x20,0xec,0x9e,0x85,0xeb,0xa0,0xa5,0x22,0x29,0xa,0x20,0x20,0x20,0x20,0x20,0x20,
  0x20,0x20,0x20,0x20,0x20,0x20,0x20,0x20,0x20,0x20,0x4c,0x61,0x79,0x6f,0x75,0x74,
  0x2e,0x66,0x69,0x6c,0x6c,0x57,0x69,0x64,0x74,0x68,0x3a,0x20,0x74,0x72,0x75,0x65,
  0xa,0x20,0x20,0x20,0x20,0x20,0x20,0x20,0x20,0x20,0x20,0x20,0x20,0x20,0x20,0x20,
  0x20,0x6f,0x6e,0x43,0x6c,0x69,0x63,0x6b,0x65,0x64,0x3a,0x20,0x61,0x70,0x70,0x5f,
  0x63,0x6f,0x6e,0x74,0x72,0x6f,0x6c,0x6c,0x65,0x72,0x2e,0x73,0x68,0x6f,0x77,0x5f,
  0x74,0x6f,0x61,0x73,0x74,0x28,0x71,0x73,0x54,0x72,0x28,0x22,0xec,0xa7,0x81,0xec,
  0xa0,0x91,0x20,0xec,0x9e,0x85,0xeb,0xa0,0xa5,0x20,0xe2,0x80,0x94,0x20,0x54,0x4f,
  0x44,0x4f,0x22,0x29,0x29,0xa,0x20,0x20,0x20,0x20,0x20,0x20,0x20,0x20,0x20,0x20,
  0x20,0x20,0x7d,0xa,0xa,0x20,0x20,0x20,0x20,0x20,0x20,0x20,0x20,0x20,0x20,0x20,
  0x20,0x41,0x70,0x70,0x42,0x75,0x74,0x74,0x6f,0x6e,0x20,0x7b,0xa,0x20,0x20,0x20,
  0x20,0x20,0x20,0x20,0x20,0x20,0x20,0x20,0x20,0x20,0x20,0x20,0x20,0x74,0x65,0x78,
  0x74,0x3a,0x20,0x71,0x73,0x54,0x72,0x28,0x22,0xec,0xa0,0x84,0xec,0xb2,0xb4,0x20,
  0xeb,0xa6,0xac,0xec,0x85,0x8b,0x22,0x29,0xa,0x20,0x20,0x20,0x20,0x20,0x20,0x20,
  0x20,0x20,0x20,0x20,0x20,0x20,0x20,0x20,0x20,0x76,0x61,0x72,0x69,0x61,0x6e,0x74,
  0x3a,0x20,0x22,0x64,0x61,0x6e,0x67,0x65,0x72,0x22,0xa,0x20,0x20,0x20,0x20,0x20,
  0x20,0x20,0x20,0x20,0x20,0x20,0x20,0x20,0x20,0x20,0x20,0x4c,0x61,0x79,0x6f,0x75,
  0x74,0x2e,0x66,0x69,0x6c,0x6c,0x57,0x69,0x64,0x74,0x68,0x3a,0x20,0x74,0x72,0x75,
  0x65,0xa,0x20,0x20,0x20,0x20,0x20,0x20,0x20,0x20,0x20,0x20,0x20,0x20,0x20,0x20,
  0x20,0x20,0x6f,0x6e,0x43,0x6c,0x69,0x63,0x6b,0x65,0x64,0x3a,0x20,0x63,0x6f,0x6e,
  0x66,0x69,0x72,0x6d,0x5f,0x72,0x65,0x73,0x65,0x74,0x5f,0x64,0x69,0x61,0x6c,0x6f,
  0x67,0x2e,0x6f,0x70,0x65,0x6e,0x28,0x29,0xa,0x20,0x20,0x20,0x20,0x20,0x20,0x20,
  0x20,0x20,0x20,0x20,0x20,0x7d,0xa,0xa,0x20,0x20,0x20,0x20,0x20,0x20,0x20,0x20,
  0x20,0x20,0x20,0x20,0x41,0x70,0x70,0x42,0x75,0x74,0x74,0x6f,0x6e,0x20,0x7b,0xa,
  0x20,0x20,0x20,0x20,0x20,0x20,0x20,0x20,0x20,0x20,0x20,0x20,0x20,0x20,0x20,0x20,
  0x74,0x65,0x78,0x74,0x3a,0x20,0x71,0x73,0x54,0x72,0x28,0x22,0xeb,0x92,0xa4,0xeb,
  0xa1,0x9c,0x22,0x29,0xa,0x20,0x20,0x20,0x20,0x20,0x20,0x20,0x20,0x20,0x20,0x20,
  0x20,0x20,0x20,0x20,0x20,0x76,0x61,0x72,0x69,0x61,0x6e,0x74,0x3a,0x20,0x22,0x73,
  0x65,0x63,0x6f,0x6e,0x64,0x61,0x72,0x79,0x22,0xa,0x20,0x20,0x20,0x20,0x20,0x20,
  0x20,0x20,0x20,0x20,0x20,0x20,0x20,0x20,0x20,0x20,0x4c,0x61,0x79,0x6f,0x75,0x74,
  0x2e,0x66,0x69,0x6c,0x6c,0x57,0x69,0x64,0x74,0x68,0x3a,0x20,0x74,0x72,0x75,0x65,
  0xa,0x20,0x20,0x20,0x20,0x20,0x20,0x20,0x20,0x20,0x20,0x20,0x20,0x20,0x20,0x20,
  0x20,0x6f,0x6e,0x43,0x6c,0x69,0x63,0x6b,0x65,0x64,0x3a,0x20,0x73,0x74,0x61,0x63,
  0x6b,0x2e,0x70,0x6f,0x70,0x28,0x29,0xa,0x20,0x20,0x20,0x20,0x20,0x20,0x20,0x20,
  0x20,0x20,0x20,0x20,0x7d,0xa,0x20,0x20,0x20,0x20,0x20,0x20,0x20,0x20,0x7d,0xa,
  0x20,0x20,0x20,0x20,0x7d,0xa,0xa,0x20,0x20,0x20,0x20,0x2f,0x2f,0x20,0xec,0xa0,
  0x84,0xec,0xb2,0xb4,0x20,0xeb,0xa6,0xac,0xec,0x85,0x8b,0x20,0xed,0x99,0x95,0xec,
  0x9d,0xb8,0x20,0xeb,0x8b,0xa4,0xec,0x9d,0xb4,0xec,0x96,0xbc,0xeb,0xa1,0x9c,0xea,
  0xb7,0xb8,0x20,0x28,0xec,0x95,0x88,0xec,0xa0,0x84,0x20,0xea,0xb0,0x80,0xeb,0x93,
  0x9c,0x20,0xe2,0x80,0x94,0x20,0x55,0x49,0x20,0xec,0xb0,0xa8,0xec,0x9b,0x90,0xec,
  0x97,0x90,0xec,0x84,0x9c,0xeb,0x8f,0x84,0x20,0xed,0x99,0x95,0xec,0x9d,0xb8,0x29,
  0xa,0x20,0x20,0x20,0x20,0x44,0x69,0x61,0x6c,0x6f,0x67,0x20,0x7b,0xa,0x20,0x20,
  0x20,0x20,0x20,0x20,0x20,0x20,0x69,0x64,0x3a,0x20,0x63,0x6f,0x6e,0x66,0x69,0x72,
  0x6d,0x5f,0x72,0x65,0x73,0x65,0x74,0x5f,0x64,0x69,0x61,0x6c,0x6f,0x67,0xa,0x20,
  0x20,0x20,0x20,0x20,0x20,0x20,0x20,0x74,0x69,0x74,0x6c,0x65,0x3a,0x20,0x71,0x73,
  0x54,0x72,0x28,0x22,0xec,0xa0,0x84,0xec,0xb2,0xb4,0x20,0xeb,0xa6,0xac,0xec,0x85,
  0x8b,0x20,0xed,0x99,0x95,0xec,0x9d,0xb8,0x22,0x29,0xa,0x20,0x20,0x20,0x20,0x20,
  0x20,0x20,0x20,0x6d,0x6f,0x64,0x61,0x6c,0x3a,0x20,0x74,0x72,0x75,0x65,0xa,0x20,
  0x20,0x20,0x20,0x20,0x20,0x20,0x20,0x61,0x6e,0x63,0x68,0x6f,0x72,0x73,0x2e,0x63,
  0x65,0x6e,0x74,0x65,0x72,0x49,0x6e,0x3a,0x20,0x70,0x61,0x72,0x65,0x6e,0x74,0xa,
  0x20,0x20,0x20,0x20,0x20,0x20,0x20,0x20,0x73,0x74,0x61,0x6e,0x64,0x61,0x72,0x64,
  0x42,0x75,0x74,0x74,0x6f,0x6e,0x73,0x3a,0x20,0x44,0x69,0x61,0x6c,0x6f,0x67,0x2e,
  0x59,0x65,0x73,0x20,0x7c,0x20,0x44,0x69,0x61,0x6c,0x6f,0x67,0x2e,0x4e,0x6f,0xa,
  0xa,0x20,0x20,0x20,0x20,0x20,0x20,0x20,0x20,0x4c,0x61,0x62,0x65,0x6c,0x20,0x7b,
  0xa,0x20,0x20,0x20,0x20,0x20,0x20,0x20,0x20,0x20,0x20,0x20,0x20,0x74,0x65,0x78,
  0x74,0x3a,0x20,0x71,0x73,0x54,0x72,0x28,0x22,0xeb,0x93,0xb1,0xeb,0xa1,0x9d,0xeb,
  0x90,0x9c,0x20,0xeb,0xaa,0xa8,0xeb,0x93,0xa0,0x20,0xec,0x95,0xbd,0xec,0x9d,0x84,
  0x20,0xeb,0xb9,0x84,0xed,0x99,0x9c,0xec,0x84,0xb1,0x20,0xec,0xb2,0x98,0xeb,0xa6,
  0xac,0xed,0x95,0xa9,0xeb,0x8b,0x88,0xeb,0x8b,0xa4,0x2e,0x5c,0x6e,0xea,0xb3,0x84,
  0xec,0x86,0x8d,0xed,0x95,0x98,0xec,0x8b,0x9c,0xea,0xb2,0xa0,0xec,0x8a,0xb5,0xeb,
  0x8b,0x88,0xea,0xb9,0x8c,0x3f,0x22,0x29,0xa,0x20,0x20,0x20,0x20,0x20,0x20,0x20,
  0x20,0x20,0x20,0x20,0x20,0x77,0x72,0x61,0x70,0x4d,0x6f,0x64,0x65,0x3a,0x20,0x54,
  0x65,0x78,0x74,0x2e,0x57,0x6f,0x72,0x64,0x57,0x72,0x61,0x70,0xa,0x20,0x20,0x20,
  0x20,0x20,0x20,0x20,0x20,0x7d,0xa,0xa,0x20,0x20,0x20,0x20,0x20,0x20,0x20,0x20,
  0x6f,0x6e,0x41,0x63,0x63,0x65,0x70,0x74,0x65,0x64,0x3a,0x20,0x70,0x69,0x6c,0x6c,
  0x5f,0x63,0x6f,0x6e,0x74,0x72,0x6f,0x6c,0x6c,0x65,0x72,0x2e,0x72,0x65,0x73,0x65,
  0x74,0x5f,0x70,0x6f,0x6f,0x6c,0x28,0x29,0xa,0x20,0x20,0x20,0x20,0x7d,0xa,0x7d,
  0xa,
    // ReportPage.qml
  0x0,0x0,0xa,0x2b,
  0x2f,
  0x2f,0x20,0x3d,0x3d,0x3d,0x3d,0x3d,0x3d,0x3d,0x3d,0x3d,0x3d,0x3d,0x3d,0x3d,0x3d,
  0x3d,0x3d,0x3d,0x3d,0x3d,0x3d,0x3d,0x3d,0x3d,0x3d,0x3d,0x3d,0x3d,0x3d,0x3d,0x3d,
  0x3d,0x3d,0x3d,0x3d,0x3d,0x3d,0x3d,0x3d,0x3d,0x3d,0x3d,0x3d,0x3d,0x3d,0x3d,0x3d,
  0x3d,0x3d,0x3d,0x3d,0x3d,0x3d,0x3d,0xa,0x2f,0x2f,0x20,0x52,0x65,0x70,0x6f,0x72,
  0x74,0x50,0x61,0x67,0x65,0x20,0xe2,0x80,0x94,0x20,0xed,0x86,0xb5,0xed,0x95,0xa9,
  0x20,0xeb,0xb3,0xb4,0xea,0xb3,0xa0,0xec,0x84,0x9c,0x20,0xec,0x83,0x9d,0xec,0x84,
  0xb1,0x20,0x28,0xeb,0xaa,0xa8,0xeb,0x93,0x88,0x20,0x35,0x29,0xa,0x2f,0x2f,0x20,
  0x3d,0x3d,0x3d,0x3d,0x3d,0x3d,0x3d,0x3d,0x3d,0x3d,0x3d,0x3d,0x3d,0x3d,0x3d,0x3d,
  0x3d,0x3d,0x3d,0x3d,0x3d,0x3d,0x3d,0x3d,0x3d,0x3d,0x3d,0x3d,0x3d,0x3d,0x3d,0x3d,
  0x3d,0x3d,0x3d,0x3d,0x3d,0x3d,0x3d,0x3d,0x3d,0x3d,0x3d,0x3d,0x3d,0x3d,0x3d,0x3d,
  0x3d,0x3d,0x3d,0x3d,0x3d,0xa,0x69,0x6d,0x70,0x6f,0x72,0x74,0x20,0x51,0x74,0x51,
  0x75,0x69,0x63,0x6b,0xa,0x69,0x6d,0x70,0x6f,0x72,0x74,0x20,0x51,0x74,0x51,0x75,
  0x69,0x63,0x6b,0x2e,0x43,0x6f,0x6e,0x74,0x72,0x6f,0x6c,0x73,0xa,0x69,0x6d,0x70,
  0x6f,0x72,0x74,0x20,0x51,0x74,0x51,0x75,0x69,0x63,0x6b,0x2e,0x4c,0x61,0x79,0x6f,
  0x75,0x74,0x73,0xa,0x69,0x6d,0x70,0x6f,0x72,0x74,0x20,0x22,0x2e,0x2e,0x2f,0x43,
  0x6f,0x6d,0x70,0x6f,0x6e,0x65,0x6e,0x74,0x73,0x22,0xa,0xa,0x50,0x61,0x67,0x65,
  0x20,0x7b,0xa,0x20,0x20,0x20,0x20,0x69,0x64,0x3a,0x20,0x72,0x65,0x70,0x6f,0x72,
  0x74,0x5f,0x70,0x61,0x67,0x65,0xa,0xa,0x20,0x20,0x20,0x20,0x43,0x6f,0x6e,0x6e,
  0x65,0x63,0x74,0x69,0x6f,0x6e,0x73,0x20,0x7b,0xa,0x20,0x20,0x20,0x20,0x20,0x20,
  0x20,0x20,0x74,0x61,0x72,0x67,0x65,0x74,0x3a,0x20,0x72,0x65,0x70,0x6f,0x72,0x74,
  0x5f,0x63,0x6f,0x6e,0x74,0x72,0x6f,0x6c,0x6c,0x65,0x72,0xa,0x20,0x20,0x20,0x20,
  0x20,0x20,0x20,0x20,0x66,0x75,0x6e,0x63,0x74,0x69,0x6f,0x6e,0x20,0x6f,0x6e,0x47,
  0x65,0x6e,0x65,0x72,0x61,0x74,0x65,0x64,0x28,0x66,0x6f,0x72,0x6d,0x61,0x74,0x2c,
  0x20,0x6f,0x75,0x74,0x70,0x75,0x74,0x5f,0x70,0x61,0x74,0x68,0x29,0x20,0x7b,0xa,
  0x20,0x20,0x20,0x20,0x20,0x20,0x20,0x20,0x20,0x20,0x20,0x20,0x61,0x70,0x70,0x5f,
  0x63,0x6f,0x6e,0x74,0x72,0x6f,0x6c,0x6c,0x65,0x72,0x2e,0x73,0x68,0x6f,0x77,0x5f,
  0x74,0x6f,0x61,0x73,0x74,0x28,0xa,0x20,0x20,0x20,0x20,0x20,0x20,0x20,0x20,0x20,
  0x20,0x20,0x20,0x20,0x20,0x20,0x20,0x71,0x73,0x54,0x72,0x28,0x22,0xeb,0xb3,0xb4,
  0xea,0xb3,0xa0,0xec,0x84,0x9c,0x20,0xec,0x83,0x9d,0xec,0x84,0xb1,0x20,0xec,0x99,
  0x84,0xeb,0xa3,0x8c,0x3a,0x20,0x22,0x29,0x20,0x2b,0x20,0x66,0x6f,0x72,0x6d,0x61,
  0x74,0x20,0x2b,0x20,0x22,0x20,0xe2,0x86,0x92,0x20,0x22,0x20,0x2b,0x20,0x6f,0x75,
  0x74,0x70,0x75,0x74,0x5f,0x70,0x61,0x74,0x68,0x29,0xa,0x20,0x20,0x20,0x20,0x20,
  0x20,0x20,0x20,0x7d,0xa,0x20,0x20,0x20,0x20,0x20,0x20,0x20,0x20,0x66,0x75,0x6e,
  0x63,0x74,0x69,0x6f,0x6e,0x20,0x6f,0x6e,0x47,0x65,0x6e,0x65,0x72,0x61,0x74,0x65,
  0x5f,0x66,0x61,0x69,0x6c,0x65,0x64,0x28,0x65,0x72,0x72,0x6f,0x72,0x5f,0x63,0x6f,
  0x64,0x65,0x29,0x20,0x7b,0xa,0x20,0x20,0x20,0x20,0x20,0x20,0x20,0x20,0x20,0x20,
  0x20,0x20,0x61,0x70,0x70,0x5f,0x63,0x6f,0x6e,0x74,0x72,0x6f,0x6c,0x6c,0x65,0x72,
  0x2e,0x73,0x68,0x6f,0x77,0x5f,0x74,0x6f,0x61,0x73,0x74,0x28,0x71,0x73,0x54,0x72,
  0x28,0x22,0xeb,0xb3,0xb4,0xea,0xb3,0xa0,0xec,0x84,0x9c,0x20,0xec,0x8b,0xa4,0xed,
  0x8c,0xa8,0x3a,0x20,0x22,0x29,0x20,0x2b,0x20,0x65,0x72,0x72,0x6f,0x72,0x5f,0x63,
  0x6f,0x64,0x65,0x29,0xa,0x20,0x20,0x20,0x20,0x20,0x20,0x20,0x20,0x7d,0xa,0x20,
  0x20,0x20,0x20,0x7d,0xa,0xa,0x20,0x20,0x20,0x20,0x43,0x6f,0x6c,0x75,0x6d,0x6e,
  0x4c,0x61,0x79,0x6f,0x75,0x74,0x20,0x7b,0xa,0x20,0x20,0x20,0x20,0x20,0x20,0x20,
  0x20,0x61,0x6e,0x63,0x68,0x6f,0x72,0x73,0x2e,0x66,0x69,0x6c,0x6c,0x3a,0x20,0x70,
  0x61,0x72,0x65,0x6e,0x74,0xa,0x20,0x20,0x20,0x20,0x20,0x20,0x20,0x20,0x61,0x6e,
  0x63,0x68,0x6f,0x72,0x73,0x2e,0x6d,0x61,0x72,0x67,0x69,0x6e,0x73,0x3a,0x20,0x32,
  0x34,0xa,0x20,0x20,0x20,0x20,0x20,0x20,0x20,0x20,0x73,0x70,0x61,0x63,0x69,0x6e,
  0x67,0x3a,0x20,0x31,0x36,0xa,0xa,0x20,0x20,0x20,0x20,0x20,0x20,0x20,0x20,0x4c,
  0x61,0x62,0x65,0x6c,0x20,0x7b,0xa,0x20,0x20,0x20,0x20,0x20,0x20,0x20,0x20,0x20,
  0x20,0x20,0x20,0x74,0x65,0x78,0x74,0x3a,0x20,0x71,0x73,0x54,0x72,0x28,0x22,0xec,
  0x9d,0x98,0xec,0x82,0xac,0x20,0xec,0x83,0x81,0xeb,0x8b,0xb4,0xec,0x9a,0xa9,0x20,
  0xed,0x86,0xb5,0xed,0x95,0xa9,0x20,0xeb,0xb3,0xb4,0xea,0xb3,0xa0,0xec,0x84,0x9c,
  0x22,0x29,0xa,0x20,0x20,0x20,0x20,0x20,0x20,0x20,0x20,0x20,0x20,0x20,0x20,0x66,
  0x6f,0x6e,0x74,0x2e,0x70,0x69,0x78,0x65,0x6c,0x53,0x69,0x7a,0x65,0x3a,0x20,0x32,
  0x34,0xa,0x20,0x20,0x20,0x20,0x20,0x20,0x20,0x20,0x20,0x20,0x20,0x20,0x66,0x6f,
  0x6e,0x74,0x2e,0x62,0x6f,0x6c,0x64,0x3a,0x20,0x74,0x72,0x75,0x65,0xa,0x20,0x20,
  0x20,0x20,0x20,0x20,0x20,0x20,0x7d,0xa,0xa,0x20,0x20,0x20,0x20,0x20,0x20,0x20,
  0x20,0x4c,0x61,0x62,0x65,0x6c,0x20,0x7b,0xa,0x20,0x20,0x20,0x20,0x20,0x20,0x20,
  0x20,0x20,0x20,0x20,0x20,0x74,0x65,0x78,0x74,0x3a,0x20,0x71,0x73,0x54,0x72,0x28,
  0x22,0xea,0xb8,0xb0,0xea,0xb0,0x84,0xec,0x9d,0x84,0x20,0xec,0x84,0xa0,0xed,0x83,
  0x9d,0xed,0x95,0x98,0xeb,0xa9,0xb4,0x20,0xed,0x95,0xb4,0xeb,0x8b,0xb9,0x20,0xea,
  0xb8,0xb0,0xea,0xb0,0x84,0xec,0x9d,0x98,0x20,0xeb,0xb3,0xb5,0xec,0x95,0xbd,0x20,
  0xec,0x9d,0xb4,0xeb,0xa0,0xa5,0x20,0x2b,0x20,0xec,0x95,0xbd,0xeb,0xb3,0x84,0x20,
  0xeb,0xb6,0x80,0xec,0x9e,0x91,0xec,0x9a,0xa9,0x20,0xec,0x9d,0xb8,0xec,0x9a,0xa9,
  0xec,0x9d,0x84,0x20,0xec,0xb6,0x9c,0xeb,0xa0,0xa5,0xed,0x95,0xa9,0xeb,0x8b,0x88,
  0xeb,0x8b,0xa4,0x2e,0x22,0x29,0xa,0x20,0x20,0x20,0x20,0x20,0x20,0x20,0x20,0x20,
  0x20,0x20,0x20,0x66,0x6f,0x6e,0x74,0x2e,0x70,0x69,0x78,0x65,0x6c,0x53,0x69,0x7a,
  0x65,0x3a,0x20,0x31,0x34,0xa,0x20,0x20,0x20,0x20,0x20,0x20,0x20,0x20,0x20,0x20,
  0x20,0x20,0x77,0x72,0x61,0x70,0x4d,0x6f,0x64,0x65,0x3a,0x20,0x54,0x65,0x78,0x74,
  0x2e,0x57,0x6f,0x72,0x64,0x57,0x72,0x61,0x70,0xa,0x20,0x20,0x20,0x20,0x20,0x20,
  0x20,0x20,0x20,0x20,0x20,0x20,0x63,0x6f,0x6c,0x6f,0x72,0x3a,0x20,0x22,0x23,0x36,
  0x31,0x36,0x31,0x36,0x31,0x22,0xa,0x20,0x20,0x20,0x20,0x20,0x20,0x20,0x20,0x7d,
  0xa,0xa,0x20,0x20,0x20,0x20,0x20,0x20,0x20,0x20,0x52,0x6f,0x77,0x4c,0x61,0x79,
  0x6f,0x75,0x74,0x20,0x7b,0xa,0x20,0x20,0x20,0x20,0x20,0x20,0x20,0x20,0x20,0x20,
  0x20,0x20,0x73,0x70,0x61,0x63,0x69,0x6e,0x67,0x3a,0x20,0x38,0xa,0x20,0x20,0x20,
  0x20,0x20,0x20,0x20,0x20,0x20,0x20,0x20,0x20,0x4c,0x61,0x62,0x65,0x6c,0x20,0x7b,
  0x20,0x74,0x65,0x78,0x74,0x3a,0x20,0x71,0x73,0x54,0x72,0x28,0x22,0xea,0xb8,0xb0,
  0xea,0xb0,0x84,0x3a,0x22,0x29,0x20,0x7d,0xa,0x20,0x20,0x20,0x20,0x20,0x20,0x20,
  0x20,0x20,0x20,0x20,0x20,0x54,0x65,0x78,0x74,0x46,0x69,0x65,0x6c,0x64,0x20,0x7b,
  0xa,0x20,0x20,0x20,0x20,0x20,0x20,0x20,0x20,0x20,0x20,0x20,0x20,0x20,0x20,0x20,
  0x20,0x69,0x64,0x3a,0x20,0x66,0x72,0x6f,0x6d,0x5f,0x66,0x69,0x65,0x6c,0x64,0xa,
  0x20,0x20,0x20,0x20,0x20,0x20,0x20,0x20,0x20,0x20,0x20,0x20,0x20,0x20,0x20,0x20,
  0x70,0x6c,0x61,0x63,0x65,0x68,0x6f,0x6c,0x64,0x65,0x72,0x54,0x65,0x78,0x74,0x3a,
  0x20,0x71,0x73,0x54,0x72,0x28,0x22,0x59,0x59,0x59,0x59,0x2d,0x4d,0x4d,0x2d,0x44,
  0x44,0x22,0x29,0xa,0x20,0x20,0x20,0x20,0x20,0x20,0x20,0x20,0x20,0x20,0x20,0x20,
  0x20,0x20,0x20,0x20,0x4c,0x61,0x79,0x6f,0x75,0x74,0x2e,0x70,0x72,0x65,0x66,0x65,
  0x72,0x72,0x65,0x64,0x57,0x69,0x64,0x74,0x68,0x3a,0x20,0x31,0x34,0x30,0xa,0x20,
  0x20,0x20,0x20,0x20,0x20,0x20,0x20,0x20,0x20,0x20,0x20,0x7d,0xa,0x20,0x20,0x20,
  0x20,0x20,0x20,0x20,0x20,0x20,0x20,0x20,0x20,0x4c,0x61,0x62,0x65,0x6c,0x20,0x7b,
  0x20,0x74,0x65,0x78,0x74,0x3a,0x20,0x22,0x20,0x7e,0x20,0x22,0x20,0x7d,0xa,0x20,
  0x20,0x20,0x20,0x20,0x20,0x20,0x20,0x20,0x20,0x20,0x20,0x54,0x65,0x78,0x74,0x46,
  0x69,0x65,0x6c,0x64,0x20,0x7b,0xa,0x20,0x20,0x20,0x20,0x20,0x20,0x20,0x20,0x20,
  0x20,0x20,0x20,0x20,0x20,0x20,0x20,0x69,0x64,0x3a,0x20,0x74,0x6f,0x5f,0x66,0x69,
  0x65,0x6c,0x64,0xa,0x20,0x20,0x20,0x20,0x20,0x20,0x20,0x20,0x20,0x20,0x20,0x20,
  0x20,0x20,0x20,0x20,0x70,0x6c,0x61,0x63,0x65,0x68,0x6f,0x6c,0x64,0x65,0x72,0x54,
  0x65,0x78,0x74,0x3a,0x20,0x71,0x73,0x54,0x72,0x28,0x22,0x59,0x59,0x59,0x59,0x2d,
  0x4d,0x4d,0x2d,0x44,0x44,0x22,0x29,0xa,0x20,0x20,0x20,0x20,0x20,0x20,0x20,0x20,
  0x20,0x20,0x20,0x20,0x20,0x20,0x20,0x20,0x4c,0x61,0x79,0x6f,0x75,0x74,0x2e,0x70,
  0x72,0x65,0x66,0x65,0x72,0x72,0x65,0x64,0x57,0x69,0x64,0x74,0x68,0x3a,0x20,0x31,
  0x34,0x30,0xa,0x20,0x20,0x20,0x20,0x20,0x20,0x20,0x20,0x20,0x20,0x20,0x20,0x7d,
  0xa,0x20,0x20,0x20,0x20,0x20,0x20,0x20,0x20,0x7d,0xa,0xa,0x20,0x20,0x20,0x20,
  0x20,0x20,0x20,0x20,0x4c,0x61,0x62,0x65,0x6c,0x20,0x7b,0xa,0x20,0x20,0x20,0x20,
  0x20,0x20,0x20,0x20,0x20,0x20,0x20,0x20,0x74,0x65,0x78,0x74,0x3a,0x20,0x71,0x73,
  0x54,0x72,0x28,0x22,0xec,0xb6,0x9c,0xeb,0xa0,0xa5,0x20,0xed,0x98,0x95,0xec,0x8b,
  0x9d,0x22,0x29,0xa,0x20,0x20,0x20,0x20,0x20,0x20,0x20,0x20,0x20,0x20,0x20,0x20,
  0x66,0x6f,0x6e,0x74,0x2e,0x70,0x69,0x78,0x65,0x6c,0x53,0x69,0x7a,0x65,0x3a,0x20,
  0x31,0x36,0xa,0x20,0x20,0x20,0x20,0x20,0x20,0x20,0x20,0x7d,0xa,0xa,0x20,0x20,
  0x20,0x20,0x20,0x20,0x20,0x20,0x52,0x6f,0x77,0x4c,0x61,0x79,0x6f,0x75,0x74,0x20,
  0x7b,0xa,0x20,0x20,0x20,0x20,0x20,0x20,0x20,0x20,0x20,0x20,0x20,0x20,0x73,0x70,
  0x61,0x63,0x69,0x6e,0x67,0x3a,0x20,0x31,0x36,0xa,0xa,0x20,0x20,0x20,0x20,0x20,
  0x20,0x20,0x20,0x20,0x20,0x20,0x20,0x41,0x70,0x70,0x42,0x75,0x74,0x74,0x6f,0x6e,
  0x20,0x7b,0xa,0x20,0x20,0x20,0x20,0x20,0x20,0x20,0x20,0x20,0x20,0x20,0x20,0x20,
  0x20,0x20,0x20,0x74,0x65,0x78,0x74,0x3a,0x20,0x71,0x73,0x54,0x72,0x28,0x22,0x50,
  0x44,0x46,0x20,0xec,0xa0,0x80,0xec,0x9e,0xa5,0x22,0x29,0xa,0x20,0x20,0x20,0x20,
  0x20,0x20,0x20,0x20,0x20,0x20,0x20,0x20,0x20,0x20,0x20,0x20,0x4c,0x61,0x79,0x6f,
  0x75,0x74,0x2e,0x66,0x69,0x6c,0x6c,0x57,0x69,0x64,0x74,0x68,0x3a,0x20,0x74,0x72,
  0x75,0x65,0xa,0x20,0x20,0x20,0x20,0x20,0x20,0x20,0x20,0x20,0x20,0x20,0x20,0x20,
  0x20,0x20,0x20,0x65,0x6e,0x61,0x62,0x6c,0x65,0x64,0x3a,0x20,0x21,0x72,0x65,0x70,
  0x6f,0x72,0x74,0x5f,0x63,0x6f,0x6e,0x74,0x72,0x6f,0x6c,0x6c,0x65,0x72,0x2e,0x69,
  0x73,0x5f,0x6c,0x6f,0x61,0x64,0x69,0x6e,0x67,0xa,0x20,0x20,0x20,0x20,0x20,0x20,
  0x20,0x20,0x20,0x20,0x20,0x20,0x20,0x20,0x20,0x20,0x6f,0x6e,0x43,0x6c,0x69,0x63,
  0x6b,0x65,0x64,0x3a,0x20,0x72,0x65,0x70,0x6f,0x72,0x74,0x5f,0x63,0x6f,0x6e,0x74,
  0x72,0x6f,0x6c,0x6c,0x65,0x72,0x2e,0x67,0x65,0x6e,0x65,0x72,0x61,0x74,0x65,0x28,
  0xa,0x20,0x20,0x20,0x20,0x20,0x20,0x20,0x20,0x20,0x20,0x20,0x20,0x20,0x20,0x20,
  0x20,0x20,0x20,0x20,0x20,0x66,0x72,0x6f,0x6d,0x5f,0x66,0x69,0x65,0x6c,0x64,0x2e,
  0x74,0x65,0x78,0x74,0x2c,0x20,0x74,0x6f,0x5f,0x66,0x69,0x65,0x6c,0x64,0x2e,0x74,
  0x65,0x78,0x74,0x2c,0x20,0x22,0x70,0x64,0x66,0x22,0x29,0xa,0x20,0x20,0x20,0x20,
  0x20,0x20,0x20,0x20,0x20,0x20,0x20,0x20,0x7d,0xa,0xa,0x20,0x20,0x20,0x20,0x20,
  0x20,0x20,0x20,0x20,0x20,0x20,0x20,0x41,0x70,0x70,0x42,0x75,0x74,0x74,0x6f,0x6e,
  0x20,0x7b,0xa,0x20,0x20,0x20,0x20,0x20,0x20,0x20,0x20,0x20,0x20,0x20,0x20,0x20,
  0x20,0x20,0x20,0x74,0x65,0x78,0x74,0x3a,0x20,0x71,0x73,0x54,0x72,0x28,0x22,0x48,
  0x54,0x4d,0x4c,0x20,0xeb,0xaf,0xb8,0xeb,0xa6,0xac,0xeb,0xb3,0xb4,0xea,0xb8,0xb0,
  0x22,0x29,0xa,0x20,0x20,0x20,0x20,0x20,0x20,0x20,0x20,0x20,0x20,0x20,0x20,0x20,
  0x20,0x20,0x20,0x76,0x61,0x72,0x69,0x61,0x6e,0x74,0x3a,0x20,0x22,0x73,0x65,0x63,
  0x6f,0x6e,0x64,0x61,0x72,0x79,0x22,0xa,0x20,0x20,0x20,0x20,0x20,0x20,0x20,0x20,
  0x20,0x20,0x20,0x20,0x20,0x20,0x20,0x20,0x4c,0x61,0x79,0x6f,0x75,0x74,0x2e,0x66,
  0x69,0x6c,0x6c,0x57,0x69,0x64,0x74,0x68,0x3a,0x20,0x74,0x72,0x75,0x65,0xa,0x20,
  0x20,0x20,0x20,0x20,0x20,0x20,0x20,0x20,0x20,0x20,0x20,0x20,0x20,0x20,0x20,0x65,
  0x6e,0x61,0x62,0x6c,0x65,0x64,0x3a,0x20,0x21,0x72,0x65,0x70,0x6f,0x72,0x74,0x5f,
  0x63,0x6f,0x6e,0x74,0x72,0x6f,0x6c,0x6c,0x65,0x72,0x2e,0x69,0x73,0x5f,0x6c,0x6f,
  0x61,0x64,0x69,0x6e,0x67,0xa,0x20,0x20,0x20,0x20,0x20,0x20,0x20,0x20,0x20,0x20,
  0x20,0x20,0x20,0x20,0x20,0x20,0x6f,0x6e,0x43,0x6c,0x69,0x63,0x6b,0x65,0x64,0x3a,
  0x20,0x72,0x65,0x70,0x6f,0x72,0x74,0x5f,0x63,0x6f,0x6e,0x74,0x72,0x6f,0x6c,0x6c,
  0x65,0x72,0x2e,0x67,0x65,0x6e,0x65,0x72,0x61,0x74,0x65,0x28,0xa,0x20,0x20,0x20,
  0x20,0x20,0x20,0x20,0x20,0x20,0x20,0x20,0x20,0x20,0x20,0x20,0x20,0x20,0x20,0x20,
  0x20,0x66,0x72,0x6f,0x6d,0x5f,0x66,0x69,0x65,0x6c,0x64,0x2e,0x74,0x65,0x78,0x74,
  0x2c,0x20,0x74,0x6f,0x5f,0x66,0x69,0x65,0x6c,0x64,0x2e,0x74,0x65,0x78,0x74,0x2c,
  0x20,0x22,0x68,0x74,0x6d,0x6c,0x22,0x29,0xa,0x20,0x20,0x20,0x20,0x20,0x20,0x20,
  0x20,0x20,0x20,0x20,0x20,0x7d,0xa,0x20,0x20,0x20,0x20,0x20,0x20,0x20,0x20,0x7d,
  0xa,0xa,0x20,0x20,0x20,0x20,0x20,0x20,0x20,0x20,0x49,0x74,0x65,0x6d,0x20,0x7b,
  0x20,0x4c,0x61,0x79,0x6f,0x75,0x74,0x2e,0x66,0x69,0x6c,0x6c,0x48,0x65,0x69,0x67,
  0x68,0x74,0x3a,0x20,0x74,0x72,0x75,0x65,0x20,0x7d,0xa,0xa,0x20,0x20,0x20,0x20,
  0x20,0x20,0x20,0x20,0x41,0x70,0x70,0x42,0x75,0x74,0x74,0x6f,0x6e,0x20,0x7b,0xa,
  0x20,0x20,0x20,0x20,0x20,0x20,0x20,0x20,0x20,0x20,0x20,0x20,0x74,0x65,0x78,0x74,
  0x3a,0x20,0x71,0x73,0x54,0x72,0x28,0x22,0xeb,0x92,0xa4,0xeb,0xa1,0x9c,0x22,0x29,
  0xa,0x20,0x20,0x20,0x20,0x20,0x20,0x20,0x20,0x20,0x20,0x20,0x20,0x76,0x61,0x72,
  0x69,0x61,0x6e,0x74,0x3a,0x20,0x22,0x73,0x65,0x63,0x6f,0x6e,0x64,0x61,0x72,0x79,
  0x22,0xa,0x20,0x20,0x20,0x20,0x20,0x20,0x20,0x20,0x20,0x20,0x20,0x20,0x4c,0x61,
  0x79,0x6f,0x75,0x74,0x2e,0x66,0x69,0x6c,0x6c,0x57,0x69,0x64,0x74,0x68,0x3a,0x20,
  0x74,0x72,0x75,0x65,0xa,0x20,0x20,0x20,0x20,0x20,0x20,0x20,0x20,0x20,0x20,0x20,
  0x20,0x6f,0x6e,0x43,0x6c,0x69,0x63,0x6b,0x65,0x64,0x3a,0x20,0x73,0x74,0x61,0x63,
  0x6b,0x2e,0x70,0x6f,0x70,0x28,0x29,0xa,0x20,0x20,0x20,0x20,0x20,0x20,0x20,0x20,
  0x7d,0xa,0x20,0x20,0x20,0x20,0x7d,0xa,0x7d,0xa,
    // IdentifyResultPage.qml
  0x0,0x0,0xc,0xdb,
  0x2f,
  0x2f,0x20,0x3d,0x3d,0x3d,0x3d,0x3d,0x3d,0x3d,0x3d,0x3d,0x3d,0x3d,0x3d,0x3d,0x3d,
  0x3d,0x3d,0x3d,0x3d,0x3d,0x3d,0x3d,0x3d,0x3d,0x3d,0x3d,0x3d,0x3d,0x3d,0x3d,0x3d,
  0x3d,0x3d,0x3d,0x3d,0x3d,0x3d,0x3d,0x3d,0x3d,0x3d,0x3d,0x3d,0x3d,0x3d,0x3d,0x3d,
  0x3d,0x3d,0x3d,0x3d,0x3d,0x3d,0x3d,0xa,0x2f,0x2f,0x20,0x49,0x64,0x65,0x6e,0x74,
  0x69,0x66,0x79,0x52,0x65,0x73,0x75,0x6c,0x74,0x50,0x61,0x67,0x65,0x20,0xe2,0x80,
  0x94,0x20,0xec,0x8b,0x9d,0xeb,0xb3,0x84,0x20,0xea,0xb2,0xb0,0xea,0xb3,0xbc,0x20,
  0xed,0x91,0x9c,0xec,0x8b,0x9c,0xa,0x2f,0x2f,0x20,0x3d,0x3d,0x3d,0x3d,0x3d,0x3d,
  0x3d,0x3d,0x3d,0x3d,0x3d,0x3d,0x3d,0x3d,0x3d,0x3d,0x3d,0x3d,0x3d,0x3d,0x3d,0x3d,
  0x3d,0x3d,0x3d,0x3d,0x3d,0x3d,0x3d,0x3d,0x3d,0x3d,0x3d,0x3d,0x3d,0x3d,0x3d,0x3d,
  0x3d,0x3d,0x3d,0x3d,0x3d,0x3d,0x3d,0x3d,0x3d,0x3d,0x3d,0x3d,0x3d,0x3d,0x3d,0xa,
  0x2f,0x2f,0x20,0x70,0x69,0x6c,0x6c,0x5f,0x63,0x6f,0x6e,0x74,0x72,0x6f,0x6c,0x6c,
  0x65,0x72,0x20,0xec,0x9d,0x98,0x20,0xea,0xb2,0xb0,0xea,0xb3,0xbc,0xeb,0xa5,0xbc,
  0x20,0xea,0xb7,0xb8,0xeb,0x8c,0x80,0xeb,0xa1,0x9c,0x20,0xed,0x91,0x9c,0xec,0x8b,
  0x9c,0x2e,0xa,0x2f,0x2f,0x20,0xe2,0x9a,0xa0,0x20,0xeb,0x8b,0xa8,0xec,0xa0,0x95,
  0x20,0xed,0x91,0x9c,0xed,0x98,0x84,0x20,0xea,0xb0,0x80,0xea,0xb3,0xb5,0x20,0xe2,
  0x9d,0x8c,0x2e,0x20,0xeb,0xb0,0xb1,0xec,0x97,0x94,0xeb,0x93,0x9c,0xea,0xb0,0x80,
  0x20,0xeb,0xa7,0x8c,0xeb,0x93,0xa0,0x20,0xed,0x85,0x8d,0xec,0x8a,0xa4,0xed,0x8a,
  0xb8,0x20,0xea,0xb7,0xb8,0xeb,0x8c,0x80,0xeb,0xa1,0x9c,0x20,0xed,0x91,0x9c,0xec,
  0x8b,0x9c,0x2e,0xa,0x2f,0x2f,0x20,0x3d,0x3d,0x3d,0x3d,0x3d,0x3d,0x3d,0x3d,0x3d,
  0x3d,0x3d,0x3d,0x3d,0x3d,0x3d,0x3d,0x3d,0x3d,0x3d,0x3d,0x3d,0x3d,0x3d,0x3d,0x3d,
  0x3d,0x3d,0x3d,0x3d,0x3d,0x3d,0x3d,0x3d,0x3d,0x3d,0x3d,0x3d,0x3d,0x3d,0x3d,0x3d,
  0x3d,0x3d,0x3d,0x3d,0x3d,0x3d,0x3d,0x3d,0x3d,0x3d,0x3d,0x3d,0xa,0x69,0x6d,0x70,
  0x6f,0x72,0x74,0x20,0x51,0x74,0x51,0x75,0x69,0x63,0x6b,0xa,0x69,0x6d,0x70,0x6f,
  0x72,0x74,0x20,0x51,0x74,0x51,0x75,0x69,0x63,0x6b,0x2e,0x43,0x6f,0x6e,0x74,0x72,
  0x6f,0x6c,0x73,0xa,0x69,0x6d,0x70,0x6f,0x72,0x74,0x20,0x51,0x74,0x51,0x75,0x69,
  0x63,0x6b,0x2e,0x4c,0x61,0x79,0x6f,0x75,0x74,0x73,0xa,0x69,0x6d,0x70,0x6f,0x72,
  0x74,0x20,0x22,0x2e,0x2e,0x2f,0x43,0x6f,0x6d,0x70,0x6f,0x6e,0x65,0x6e,0x74,0x73,
  0x22,0xa,0xa,0x50,0x61,0x67,0x65,0x20,0x7b,0xa,0x20,0x20,0x20,0x20,0x69,0x64,
  0x3a,0x20,0x72,0x65,0x73,0x75,0x6c,0x74,0x5f,0x70,0x61,0x67,0x65,0xa,0xa,0x20,
  0x20,0x20,0x20,0x53,0x63,0x72,0x6f,0x6c,0x6c,0x56,0x69,0x65,0x77,0x20,0x7b,0xa,
  0x20,0x20,0x20,0x20,0x20,0x20,0x20,0x20,0x61,0x6e,0x63,0x68,0x6f,0x72,0x73,0x2e,
  0x66,0x69,0x6c,0x6c,0x3a,0x20,0x70,0x61,0x72,0x65,0x6e,0x74,0xa,0x20,0x20,0x20,
  0x20,0x20,0x20,0x20,0x20,0x63,0x6f,0x6e,0x74,0x65,0x6e,0x74,0x57,0x69,0x64,0x74,
  0x68,0x3a,0x20,0x61,0x76,0x61,0x69,0x6c,0x61,0x62,0x6c,0x65,0x57,0x69,0x64,0x74,
  0x68,0xa,0xa,0x20,0x20,0x20,0x20,0x20,0x20,0x20,0x20,0x43,0x6f,0x6c,0x75,0x6d,
  0x6e,0x4c,0x61,0x79,0x6f,0x75,0x74,0x20,0x7b,0xa,0x20,0x20,0x20,0x20,0x20,0x20,
  0x20,0x20,0x20,0x20,0x20,0x20,0x77,0x69,0x64,0x74,0x68,0x3a,0x20,0x72,0x65,0x73,
  0x75,0x6c,0x74,0x5f,0x70,0x61,0x67,0x65,0x2e,0x77,0x69,0x64,0x74,0x68,0x20,0x2d,
  0x20,0x34,0x38,0xa,0x20,0x20,0x20,0x20,0x20,0x20,0x20,0x20,0x20,0x20,0x20,0x20,
  0x61,0x6e,0x63,0x68,0x6f,0x72,0x73,0x2e,0x6d,0x61,0x72,0x67,0x69,0x6e,0x73,0x3a,
  0x20,0x32,0x34,0xa,0x20,0x20,0x20,0x20,0x20,0x20,0x20,0x20,0x20,0x20,0x20,0x20,
  0x73,0x70,0x61,0x63,0x69,0x6e,0x67,0x3a,0x20,0x31,0x36,0xa,0xa,0x20,0x20,0x20,
  0x20,0x20,0x20,0x20,0x20,0x20,0x20,0x20,0x20,0x4c,0x61,0x62,0x65,0x6c,0x20,0x7b,
  0xa,0x20,0x20,0x20,0x20,0x20,0x20,0x20,0x20,0x20,0x20,0x20,0x20,0x20,0x20,0x20,
  0x20,0x74,0x65,0x78,0x74,0x3a,0x20,0x71,0x73,0x54,0x72,0x28,0x22,0xec,0x8b,0x9d,
  0xeb,0xb3,0x84,0x20,0xea,0xb2,0xb0,0xea,0xb3,0xbc,0x22,0x29,0xa,0x20,0x20,0x20,
  0x20,0x20,0x20,0x20,0x20,0x20,0x20,0x20,0x20,0x20,0x20,0x20,0x20,0x66,0x6f,0x6e,
  0x74,0x2e,0x70,0x69,0x78,0x65,0x6c,0x53,0x69,0x7a,0x65,0x3a,0x20,0x32,0x34,0xa,
  0x20,0x20,0x20,0x20,0x20,0x20,0x20,0x20,0x20,0x20,0x20,0x20,0x20,0x20,0x20,0x20,
  0x66,0x6f,0x6e,0x74,0x2e,0x62,0x6f,0x6c,0x64,0x3a,0x20,0x74,0x72,0x75,0x65,0xa,
  0x20,0x20,0x20,0x20,0x20,0x20,0x20,0x20,0x20,0x20,0x20,0x20,0x7d,0xa,0xa,0x20,
  0x20,0x20,0x20,0x20,0x20,0x20,0x20,0x20,0x20,0x20,0x20,0x2f,0x2f,0x20,0xec,0x8b,
  0xa0,0xeb,0xa2,0xb0,0xeb,0x8f,0x84,0x20,0xeb,0xb6,0x84,0xea,0xb8,0xb0,0x20,0xeb,
  0xb0,0xb0,0xec,0xa7,0x80,0xa,0x20,0x20,0x20,0x20,0x20,0x20,0x20,0x20,0x20,0x20,
  0x20,0x20,0x43,0x6f,0x6e,0x66,0x69,0x64,0x65,0x6e,0x63,0x65,0x54,0x69,0x65,0x72,
  0x42,0x61,0x64,0x67,0x65,0x20,0x7b,0xa,0x20,0x20,0x20,0x20,0x20,0x20,0x20,0x20,
  0x20,0x20,0x20,0x20,0x20,0x20,0x20,0x20,0x74,0x69,0x65,0x72,0x3a,0x20,0x70,0x69,
  0x6c,0x6c,0x5f,0x63,0x6f,0x6e,0x74,0x72,0x6f,0x6c,0x6c,0x65,0x72,0x2e,0x63,0x6f,
  0x6e,0x66,0x69,0x64,0x65,0x6e,0x63,0x65,0x5f,0x74,0x69,0x65,0x72,0xa,0x20,0x20,
  0x20,0x20,0x20,0x20,0x20,0x20,0x20,0x20,0x20,0x20,0x7d,0xa,0xa,0x20,0x20,0x20,
  0x20,0x20,0x20,0x20,0x20,0x20,0x20,0x20,0x20,0x2f,0x2f,0x20,0x54,0x54,0x53,0x20,
  0xec,0x95,0x88,0xeb,0x82,0xb4,0x20,0xed,0x85,0x8d,0xec,0x8a,0xa4,0xed,0x8a,0xb8,
  0x20,0x28,0xeb,0xb0,0xb1,0xec,0x97,0x94,0xeb,0x93,0x9c,0x20,0xec,0x83,0x9d,0xec,
  0x84,0xb1,0x2c,0x20,0xea,0xb7,0xb8,0xeb,0x8c,0x80,0xeb,0xa1,0x9c,0x20,0xed,0x91,
  0x9c,0xec,0x8b,0x9c,0x29,0xa,0x20,0x20,0x20,0x20,0x20,0x20,0x20,0x20,0x20,0x20,
  0x20,0x20,0x4c,0x61,0x62,0x65,0x6c,0x20,0x7b,0xa,0x20,0x20,0x20,0x20,0x20,0x20,
  0x20,0x20,0x20,0x20,0x20,0x20,0x20,0x20,0x20,0x20,0x4c,0x61,0x79,0x6f,0x75,0x74,
  0x2e,0x66,0x69,0x6c,0x6c,0x57,0x69,0x64,0x74,0x68,0x3a,0x20,0x74,0x72,0x75,0x65,
  0xa,0x20,0x20,0x20,0x20,0x20,0x20,0x20,0x20,0x20,0x20,0x20,0x20,0x20,0x20,0x20,
  0x20,0x74,0x65,0x78,0x74,0x3a,0x20,0x70,0x69,0x6c,0x6c,0x5f,0x63,0x6f,0x6e,0x74,
  0x72,0x6f,0x6c,0x6c,0x65,0x72,0x2e,0x74,0x74,0x73,0x5f,0x74,0x65,0x78,0x74,0xa,
  0x20,0x20,0x20,0x20,0x20,0x20,0x20,0x20,0x20,0x20,0x20,0x20,0x20,0x20,0x20,0x20,
  0x66,0x6f,0x6e,0x74,0x2e,0x70,0x69,0x78,0x65,0x6c,0x53,0x69,0x7a,0x65,0x3a,0x20,
  0x31,0x38,0xa,0x20,0x20,0x20,0x20,0x20,0x20,0x20,0x20,0x20,0x20,0x20,0x20,0x20,
  0x20,0x20,0x20,0x77,0x72,0x61,0x70,0x4d,0x6f,0x64,0x65,0x3a,0x20,0x54,0x65,0x78,
  0x74,0x2e,0x57,0x6f,0x72,0x64,0x57,0x72,0x61,0x70,0xa,0x20,0x20,0x20,0x20,0x20,
  0x20,0x20,0x20,0x20,0x20,0x20,0x20,0x20,0x20,0x20,0x20,0x63,0x6f,0x6c,0x6f,0x72,
  0x3a,0x20,0x22,0x23,0x32,0x31,0x32,0x31,0x32,0x31,0x22,0xa,0x20,0x20,0x20,0x20,
  0x20,0x20,0x20,0x20,0x20,0x20,0x20,0x20,0x7d,0xa,0xa,0x20,0x20,0x20,0x20,0x20,
  0x20,0x20,0x20,0x20,0x20,0x20,0x20,0x2f,0x2f,0x20,0x44,0x55,0x52,0x20,0xea,0xb2,
  0xb0,0xea,0xb3,0xbc,0x20,0xec,0x95,0x88,0xeb,0x82,0xb4,0xa,0x20,0x20,0x20,0x20,
  0x20,0x20,0x20,0x20,0x20,0x20,0x20,0x20,0x4c,0x61,0x62,0x65,0x6c,0x20,0x7b,0xa,
  0x20,0x20,0x20,0x20,0x20,0x20,0x20,0x20,0x20,0x20,0x20,0x20,0x20,0x20,0x20,0x20,
  0x4c,0x61,0x79,0x6f,0x75,0x74,0x2e,0x66,0x69,0x6c,0x6c,0x57,0x69,0x64,0x74,0x68,
  0x3a,0x20,0x74,0x72,0x75,0x65,0xa,0x20,0x20,0x20,0x20,0x20,0x20,0x20,0x20,0x20,
  0x20,0x20,0x20,0x20,0x20,0x20,0x20,0x74,0x65,0x78,0x74,0x3a,0x20,0x70,0x69,0x6c,
  0x6c,0x5f,0x63,0x6f,0x6e,0x74,0x72,0x6f,0x6c,0x6c,0x65,0x72,0x2e,0x64,0x75,0x72,
  0x5f,0x72,0x65,0x73,0x75,0x6c,0x74,0x20,0x3d,0x3d,0x3d,0x20,0x22,0x72,0x69,0x73,
  0x6b,0x5f,0x66,0x6f,0x75,0x6e,0x64,0x22,0xa,0x20,0x20,0x20,0x20,0x20,0x20,0x20,
  0x20,0x20,0x20,0x20,0x20,0x20,0x20,0x20,0x20,0x20,0x20,0x20,0x20,0x20,0x20,0x3f,
  0x20,0x71,0x73,0x54,0x72,0x28,0x22,0xe2,0x9a,0xa0,0x20,0x44,0x55,0x52,0x20,0xec,
  0x9c,0x84,0xed,0x97,0x98,0x20,0xea,0xb2,0x80,0xec,0xb6,0x9c,0xeb,0x90,0xa8,0x20,
  0xe2,0x80,0x94,0x20,0xec,0x95,0x84,0xeb,0x9e,0x98,0x20,0xec,0x95,0x88,0xeb,0x82,
  0xb4,0xeb,0xa5,0xbc,0x20,0xed,0x99,0x95,0xec,0x9d,0xb8,0xed,0x95,0x98,0xec,0x84,
  0xb8,0xec,0x9a,0x94,0x2e,0x22,0x29,0xa,0x20,0x20,0x20,0x20,0x20,0x20,0x20,0x20,
  0x20,0x20,0x20,0x20,0x20,0x20,0x20,0x20,0x20,0x20,0x20,0x20,0x20,0x20,0x3a,0x20,
  0x71,0x73,0x54,0x72,0x28,0x22,0x44,0x55,0x52,0xec,0x97,0x90,0x20,0xeb,0x93,0xb1,
  0xeb,0xa1,0x9d,0x20,0xed,0x99,0x95,0xec,0x9d,0xb8,0xeb,0x90,0x98,0xec,0xa7,0x80,
  0x20,0xec,0x95,0x8a,0xec,0x95,0x98,0xec,0x8a,0xb5,0xeb,0x8b,0x88,0xeb,0x8b,0xa4,
  0x2e,0x20,0xec,0x95,0x88,0xec,0x8b,0xac,0xec,0x9d,0x84,0x20,0xec,0x9c,0x84,0xed,
  0x95,0xb4,0x20,0xec,0x95,0xbd,0xec,0x82,0xac,0xc2,0xb7,0xec,0x9d,0x98,0xec,0x82,
  0xac,0x20,0xec,0x83,0x81,0xeb,0x8b,0xb4,0xec,0x9d,0x84,0x20,0xea,0xb6,0x8c,0xec,
  0x9c,0xa0,0xeb,0x93,0x9c,0xeb,0xa6,0xbd,0xeb,0x8b,0x88,0xeb,0x8b,0xa4,0x2e,0x22,
  0x29,0xa,0x20,0x20,0x20,0x20,0x20,0x20,0x20,0x20,0x20,0x20,0x20,0x20,0x20,0x20,
  0x20,0x20,0x66,0x6f,0x6e,0x74,0x2e,0x70,0x69,0x78,0x65,0x6c,0x53,0x69,0x7a,0x65,
  0x3a,0x20,0x31,0x36,0xa,0x20,0x20,0x20,0x20,0x20,0x20,0x20,0x20,0x20,0x20,0x20,
  0x20,0x20,0x20,0x20,0x20,0x77,0x72,0x61,0x70,0x4d,0x6f,0x64,0x65,0x3a,0x20,0x54,
  0x65,0x78,0x74,0x2e,0x57,0x6f,0x72,0x64,0x57,0x72,0x61,0x70,0xa,0x20,0x20,0x20,
  0x20,0x20,0x20,0x20,0x20,0x20,0x20,0x20,0x20,0x20,0x20,0x20,0x20,0x63,0x6f,0x6c,
  0x6f,0x72,0x3a,0x20,0x70,0x69,0x6c,0x6c,0x5f,0x63,0x6f,0x6e,0x74,0x72,0x6f,0x6c,
  0x6c,0x65,0x72,0x2e,0x64,0x75,0x72,0x5f,0x72,0x65,0x73,0x75,0x6c,0x74,0x20,0x3d,
  0x3d,0x3d,0x20,0x22,0x72,0x69,0x73,0x6b,0x5f,0x66,0x6f,0x75,0x6e,0x64,0x22,0x20,
  0x3f,0x20,0x22,0x23,0x43,0x36,0x32,0x38,0x32,0x38,0x22,0x20,0x3a,0x20,0x22,0x23,
  0x32,0x45,0x37,0x44,0x33,0x32,0x22,0xa,0x20,0x20,0x20,0x20,0x20,0x20,0x20,0x20,
  0x20,0x20,0x20,0x20,0x7d,0xa,0xa,0x20,0x20,0x20,0x20,0x20,0x20,0x20,0x20,0x20,
  0x20,0x20,0x20,0x2f,0x2f,0x20,0x28,0xec,0x9c,0x84,0xed,0x97,0x98,0x20,0xec,0xbc,
  0x80,0xec,0x9d,0xb4,0xec,0x8a,0xa4,0x20,0xec,0x8b,0x9c,0x29,0x20,0x44,0x75,0x72,
  0x41,0x6c,0x65,0x72,0x74,0x43,0x61,0x72,0x64,0x20,0xed,0x91,0x9c,0xec,0x8b,0x9c,
  0x20,0xec,0x9e,0x90,0xeb,0xa6,0xac,0xa,0x20,0x20,0x20,0x20,0x20,0x20,0x20,0x20,
  0x20,0x20,0x20,0x20,0x2f,0x2f,0x20,0x52,0x65,0x70,0x65,0x61,0x74,0x65,0x72,0x20,
  0xeb,0xa1,0x9c,0x20,0x64,0x75,0x72,0x5f,0x64,0x65,0x74,0x61,0x69,0x6c,0x5f,0x6c,
  0x69,0x73,0x74,0x5f,0x6d,0x6f,0x64,0x65,0x6c,0x20,0xeb,0xb0,0x94,0xec,0x9d,0xb8,
  0xeb,0x94,0xa9,0x20,0xec,0x98,0x88,0xec,0xa0,0x95,0x20,0x28,0x54,0x4f,0x44,0x4f,
  0x3a,0x20,0xeb,0xaa,0xa8,0xeb,0x8d,0xb8,0x20,0xec,0xbb,0xa8,0xed,0x85,0x8d,0xec,
  0x8a,0xa4,0xed,0x8a,0xb8,0x20,0xeb,0x93,0xb1,0xeb,0xa1,0x9d,0x20,0xed,0x9b,0x84,
  0x29,0xa,0x20,0x20,0x20,0x20,0x20,0x20,0x20,0x20,0x20,0x20,0x20,0x20,0x4c,0x61,
  0x62,0x65,0x6c,0x20,0x7b,0xa,0x20,0x20,0x20,0x20,0x20,0x20,0x20,0x20,0x20,0x20,
  0x20,0x20,0x20,0x20,0x20,0x20,0x76,0x69,0x73,0x69,0x62,0x6c,0x65,0x3a,0x20,0x70,
  0x69,0x6c,0x6c,0x5f,0x63,0x6f,0x6e,0x74,0x72,0x6f,0x6c,0x6c,0x65,0x72,0x2e,0x64,
  0x75,0x72,0x5f,0x72,0x65,0x73,0x75,0x6c,0x74,0x20,0x3d,0x3d,0x3d,0x20,0x22,0x72,
  0x69,0x73,0x6b,0x5f,0x66,0x6f,0x75,0x6e,0x64,0x22,0xa,0x20,0x20,0x20,0x20,0x20,
  0x20,0x20,0x20,0x20,0x20,0x20,0x20,0x20,0x20,0x20,0x20,0x74,0x65,0x78,0x74,0x3a,
  0x20,0x71,0x73,0x54,0x72,0x28,0x22,0x28,0x44,0x55,0x52,0x20,0xec,0x83,0x81,0xec,
  0x84,0xb8,0x20,0xec,0xb9,0xb4,0xeb,0x93,0x9c,0xeb,0x8a,0x94,0x20,0x64,0x75,0x72,
  0x5f,0x64,0x65,0x74,0x61,0x69,0x6c,0x5f,0x6c,0x69,0x73,0x74,0x5f,0x6d,0x6f,0x64,
  0x65,0x6c,0x20,0xec,0xbb,0xa8,0xed,0x85,0x8d,0xec,0x8a,0xa4,0xed,0x8a,0xb8,0x20,
  0xeb,0x93,0xb1,0xeb,0xa1,0x9d,0x20,0xed,0x9b,0x84,0x20,0x52,0x65,0x70,0x65,0x61,
  0x74,0x65,0x72,0xeb,0xa1,0x9c,0x20,0xed,0x91,0x9c,0xec,0x8b,0x9c,0x29,0x22,0x29,
  0xa,0x20,0x20,0x20,0x20,0x20,0x20,0x20,0x20,0x20,0x20,0x20,0x20,0x20,0x20,0x20,
  0x20,0x66,0x6f,0x6e,0x74,0x2e,0x70,0x69,0x78,0x65,0x6c,0x53,0x69,0x7a,0x65,0x3a,
  0x20,0x31,0x32,0xa,0x20,0x20,0x20,0x20,0x20,0x20,0x20,0x20,0x20,0x20,0x20,0x20,
  0x20,0x20,0x20,0x20,0x63,0x6f,0x6c,0x6f,0x72,0x3a,0x20,0x22,0x23,0x39,0x45,0x39,
  0x45,0x39,0x45,0x22,0xa,0x20,0x20,0x20,0x20,0x20,0x20,0x20,0x20,0x20,0x20,0x20,
  0x20,0x7d,0xa,0xa,0x20,0x20,0x20,0x20,0x20,0x20,0x20,0x20,0x20,0x20,0x20,0x20,
  0x2f,0x2f,0x20,0xed,0x9b,0x84,0xeb,0xb3,0xb4,0x20,0xeb,0xa6,0xac,0xec,0x8a,0xa4,
  0xed,0x8a,0xb8,0x20,0xec,0x9e,0x90,0xeb,0xa6,0xac,0x20,0x28,0x50,0x69,0x6c,0x6c,
  0x43,0x61,0x6e,0x64,0x69,0x64,0x61,0x74,0x65,0x4c,0x69,0x73,0x74,0x4d,0x6f,0x64,
  0x65,0x6c,0x20,0xeb,0xb0,0x94,0xec,0x9d,0xb8,0xeb,0x94,0xa9,0x20,0xec,0x98,0x88,
  0xec,0xa0,0x95,0x29,0xa,0x20,0x20,0x20,0x20,0x20,0x20,0x20,0x20,0x20,0x20,0x20,
  0x20,0x4c,0x61,0x62,0x65,0x6c,0x20,0x7b,0xa,0x20,0x20,0x20,0x20,0x20,0x20,0x20,
  0x20,0x20,0x20,0x20,0x20,0x20,0x20,0x20,0x20,0x74,0x65,0x78,0x74,0x3a,0x20,0x71,
  0x73,0x54,0x72,0x28,0x22,0x28,0xec,0x8b,0x9d,0xeb,0xb3,0x84,0x20,0xed,0x9b,0x84,
  0xeb,0xb3,0xb4,0x20,0xeb,0xa6,0xac,0xec,0x8a,0xa4,0xed,0x8a,0xb8,0xeb,0x8a,0x94,
  0x20,0x70,0x69,0x6c,0x6c,0x5f,0x63,0x61,0x6e,0x64,0x69,0x64,0x61,0x74,0x65,0x5f,
  0x6c,0x69,0x73,0x74,0x5f,0x6d,0x6f,0x64,0x65,0x6c,0x20,0xeb,0x93,0xb1,0xeb,0xa1,
  0x9d,0x20,0xed,0x9b,0x84,0x20,0x4c,0x69,0x73,0x74,0x56,0x69,0x65,0x77,0xeb,0xa1,
  0x9c,0x20,0xed,0x91,0x9c,0xec,0x8b,0x9c,0x29,0x22,0x29,0xa,0x20,0x20,0x20,0x20,
  0x20,0x20,0x20,0x20,0x20,0x20,0x20,0x20,0x20,0x20,0x20,0x20,0x66,0x6f,0x6e,0x74,
  0x2e,0x70,0x69,0x78,0x65,0x6c,0x53,0x69,0x7a,0x65,0x3a,0x20,0x31,0x32,0xa,0x20,
  0x20,0x20,0x20,0x20,0x20,0x20,0x20,0x20,0x20,0x20,0x20,0x20,0x20,0x20,0x20,0x63,
  0x6f,0x6c,0x6f,0x72,0x3a,0x20,0x22,0x23,0x39,0x45,0x39,0x45,0x39,0x45,0x22,0xa,
  0x20,0x20,0x20,0x20,0x20,0x20,0x20,0x20,0x20,0x20,0x20,0x20,0x7d,0xa,0xa,0x20,
  0x20,0x20,0x20,0x20,0x20,0x20,0x20,0x20,0x20,0x20,0x20,0x52,0x6f,0x77,0x4c,0x61,
  0x79,0x6f,0x75,0x74,0x20,0x7b,0xa,0x20,0x20,0x20,0x20,0x20,0x20,0x20,0x20,0x20,
  0x20,0x20,0x20,0x20,0x20,0x20,0x20,0x4c,0x61,0x79,0x6f,0x75,0x74,0x2e,0x66,0x69,
  0x6c,0x6c,0x57,0x69,0x64,0x74,0x68,0x3a,0x20,0x74,0x72,0x75,0x65,0xa,0x20,0x20,
  0x20,0x20,0x20,0x20,0x20,0x20,0x20,0x20,0x20,0x20,0x20,0x20,0x20,0x20,0x73,0x70,
  0x61,0x63,0x69,0x6e,0x67,0x3a,0x20,0x31,0x36,0xa,0xa,0x20,0x20,0x20,0x20,0x20,
  0x20,0x20,0x20,0x20,0x20,0x20,0x20,0x20,0x20,0x20,0x20,0x41,0x70,0x70,0x42,0x75,
  0x74,0x74,0x6f,0x6e,0x20,0x7b,0xa,0x20,0x20,0x20,0x20,0x20,0x20,0x20,0x20,0x20,
  0x20,0x20,0x20,0x20,0x20,0x20,0x20,0x20,0x20,0x20,0x20,0x74,0x65,0x78,0x74,0x3a,
  0x20,0x71,0x73,0x54,0x72,0x28,0x22,0xeb,0xb3,0xb5,0xec,0x9a,0xa9,0x20,0xea,0xb8,
  0xb0,0xeb,0xa1,0x9d,0x20,0xeb,0x82,0xa8,0xea,0xb8,0xb0,0xea,0xb8,0xb0,0x22,0x29,
  0xa,0x20,0x20,0x20,0x20,0x20,0x20,0x20,0x20,0x20,0x20,0x20,0x20,0x20,0x20,0x20,
  0x20,0x20,0x20,0x20,0x20,0x4c,0x61,0x79,0x6f,0x75,0x74,0x2e,0x66,0x69,0x6c,0x6c,
  0x57,0x69,0x64,0x74,0x68,0x3a,0x20,0x74,0x72,0x75,0x65,0xa,0x20,0x20,0x20,0x20,
  0x20,0x20,0x20,0x20,0x20,0x20,0x20,0x20,0x20,0x20,0x20,0x20,0x20,0x20,0x20,0x20,
  0x6f,0x6e,0x43,0x6c,0x69,0x63,0x6b,0x65,0x64,0x3a,0x20,0x7b,0xa,0x20,0x20,0x20,
  0x20,0x20,0x20,0x20,0x20,0x20,0x20,0x20,0x20,0x20,0x20,0x20,0x20,0x20,0x20,0x20,
  0x20,0x20,0x20,0x20,0x20,0x2f,0x2f,0x20,0x54,0x4f,0x44,0x4f,0x3a,0x20,0xeb,0xb3,
  0xb5,0xec,0x95,0xbd,0x20,0xec,0x9d,0xb4,0xeb,0xa0,0xa5,0x20,0xea,0xb8,0xb0,0xeb,
  0xa1,0x9d,0x20,0xeb,0x8b,0xa4,0xec,0x9d,0xb4,0xec,0x96,0xbc,0xeb,0xa1,0x9c,0xea,
  0xb7,0xb8,0xa,0x20,0x20,0x20,0x20,0x20,0x20,0x20,0x20,0x20,0x20,0x20,0x20,0x20,
  0x20,0x20,0x20,0x20,0x20,0x20,0x20,0x20,0x20,0x20,0x20,0x61,0x70,0x70,0x5f,0x63,
  0x6f,0x6e,0x74,0x72,0x6f,0x6c,0x6c,0x65,0x72,0x2e,0x73,0x68,0x6f,0x77,0x5f,0x74,
  0x6f,0x61,0x73,0x74,0x28,0x71,0x73,0x54,0x72,0x28,0x22,0xeb,0xb3,0xb5,0xec,0x9a,
  0xa9,0x20,0xea,0xb8,0xb0,0xeb,0xa1,0x9d,0x20,0xe2,0x80,0x94,0x20,0x54,0x4f,0x44,
  0x4f,0x22,0x29,0x29,0xa,0x20,0x20,0x20,0x20,0x20,0x20,0x20,0x20,0x20,0x20,0x20,
  0x20,0x20,0x20,0x20,0x20,0x20,0x20,0x20,0x20,0x7d,0xa,0x20,0x20,0x20,0x20,0x20,
  0x20,0x20,0x20,0x20,0x20,0x20,0x20,0x20,0x20,0x20,0x20,0x7d,0xa,0xa,0x20,0x20,
  0x20,0x20,0x20,0x20,0x20,0x20,0x20,0x20,0x20,0x20,0x20,0x20,0x20,0x20,0x41,0x70,
  0x70,0x42,0x75,0x74,0x74,0x6f,0x6e,0x20,0x7b,0xa,0x20,0x20,0x20,0x20,0x20,0x20,
  0x20,0x20,0x20,0x20,0x20,0x20,0x20,0x20,0x20,0x20,0x20,0x20,0x20,0x20,0x74,0x65,
  0x78,0x74,0x3a,0x20,0x71,0x73,0x54,0x72,0x28,0x22,0xec,0xb2,0x98,0xec,0x9d,0x8c,
  0xec,0x9c,0xbc,0xeb,0xa1,0x9c,0x22,0x29,0xa,0x20,0x20,0x20,0x20,0x20,0x20,0x20,
  0x20,0x20,0x20,0x20,0x20,0x20,0x20,0x20,0x20,0x20,0x20,0x20,0x20,0x76,0x61,0x72,
  0x69,0x61,0x6e,0x74,0x3a,0x20,0x22,0x73,0x65,0x63,0x6f,0x6e,0x64,0x61,0x72,0x79,
  0x22,0xa,0x20,0x20,0x20,0x20,0x20,0x20,0x20,0x20,0x20,0x20,0x20,0x20,0x20,0x20,
  0x20,0x20,0x20,0x20,0x20,0x20,0x4c,0x61,0x79,0x6f,0x75,0x74,0x2e,0x66,0x69,0x6c,
  0x6c,0x57,0x69,0x64,0x74,0x68,0x3a,0x20,0x74,0x72,0x75,0x65,0xa,0x20,0x20,0x20,
  0x20,0x20,0x20,0x20,0x20,0x20,0x20,0x20,0x20,0x20,0x20,0x20,0x20,0x20,0x20,0x20,
  0x20,0x6f,0x6e,0x43,0x6c,0x69,0x63,0x6b,0x65,0x64,0x3a,0x20,0x73,0x74,0x61,0x63,
  0x6b,0x2e,0x70,0x6f,0x70,0x28,0x29,0xa,0x20,0x20,0x20,0x20,0x20,0x20,0x20,0x20,
  0x20,0x20,0x20,0x20,0x20,0x20,0x20,0x20,0x7d,0xa,0x20,0x20,0x20,0x20,0x20,0x20,
  0x20,0x20,0x20,0x20,0x20,0x20,0x7d,0xa,0x20,0x20,0x20,0x20,0x20,0x20,0x20,0x20,
  0x7d,0xa,0x20,0x20,0x20,0x20,0x7d,0xa,0x7d,0xa,
    // HomePage.qml
  0x0,0x0,0xb,0x8,
  0x2f,
  0x2f,0x20,0x3d,0x3d,0x3d,0x3d,0x3d,0x3d,0x3d,0x3d,0x3d,0x3d,0x3d,0x3d,0x3d,0x3d,
  0x3d,0x3d,0x3d,0x3d,0x3d,0x3d,0x3d,0x3d,0x3d,0x3d,0x3d,0x3d,0x3d,0x3d,0x3d,0x3d,
  0x3d,0x3d,0x3d,0x3d,0x3d,0x3d,0x3d,0x3d,0x3d,0x3d,0x3d,0x3d,0x3d,0x3d,0x3d,0x3d,
  0x3d,0x3d,0x3d,0x3d,0x3d,0x3d,0x3d,0xa,0x2f,0x2f,0x20,0x48,0x6f,0x6d,0x65,0x50,
  0x61,0x67,0x65,0x20,0xe2,0x80,0x94,0x20,0xeb,0xa9,0x94,0xec,0x9d,0xb8,0x20,0xed,
  0x99,0x94,0xeb,0xa9,0xb4,0x20,0x28,0xec,0x8b,0x9d,0xeb,0xb3,0x84,0xc2,0xb7,0xec,
  0x95,0xbd,0x20,0xed,0x92,0x80,0xc2,0xb7,0xeb,0xb3,0xb5,0xec,0x95,0xbd,0x20,0xec,
  0x9d,0xb4,0xeb,0xa0,0xa5,0xc2,0xb7,0xeb,0xb3,0xb4,0xea,0xb3,0xa0,0xec,0x84,0x9c,
  0x20,0xec,0xa7,0x84,0xec,0x9e,0x85,0x29,0xa,0x2f,0x2f,0x20,0x3d,0x3d,0x3d,0x3d,
  0x3d,0x3d,0x3d,0x3d,0x3d,0x3d,0x3d,0x3d,0x3d,0x3d,0x3d,0x3d,0x3d,0x3d,0x3d,0x3d,
  0x3d,0x3d,0x3d,0x3d,0x3d,0x3d,0x3d,0x3d,0x3d,0x3d,0x3d,0x3d,0x3d,0x3d,0x3d,0x3d,
  0x3d,0x3d,0x3d,0x3d,0x3d,0x3d,0x3d,0x3d,0x3d,0x3d,0x3d,0x3d,0x3d,0x3d,0x3d,0x3d,
  0x3d,0xa,0x69,0x6d,0x70,0x6f,0x72,0x74,0x20,0x51,0x74,0x51,0x75,0x69,0x63,0x6b,
  0xa,0x69,0x6d,0x70,0x6f,0x72,0x74,0x20,0x51,0x74,0x51,0x75,0x69,0x63,0x6b,0x2e,
  0x43,0x6f,0x6e,0x74,0x72,0x6f,0x6c,0x73,0xa,0x69,0x6d,0x70,0x6f,0x72,0x74,0x20,
  0x51,0x74,0x51,0x75,0x69,0x63,0x6b,0x2e,0x4c,0x61,0x79,0x6f,0x75,0x74,0x73,0xa,
  0x69,0x6d,0x70,0x6f,0x72,0x74,0x20,0x22,0x2e,0x2e,0x2f,0x43,0x6f,0x6d,0x70,0x6f,
  0x6e,0x65,0x6e,0x74,0x73,0x22,0xa,0xa,0x50,0x61,0x67,0x65,0x20,0x7b,0xa,0x20,
  0x20,0x20,0x20,0x69,0x64,0x3a,0x20,0x68,0x6f,0x6d,0x65,0x5f,0x70,0x61,0x67,0x65,
  0xa,0xa,0x20,0x20,0x20,0x20,0x43,0x6f,0x6e,0x6e,0x65,0x63,0x74,0x69,0x6f,0x6e,
  0x73,0x20,0x7b,0xa,0x20,0x20,0x20,0x20,0x20,0x20,0x20,0x20,0x74,0x61,0x72,0x67,
  0x65,0x74,0x3a,0x20,0x70,0x69,0x6c,0x6c,0x5f,0x63,0x6f,0x6e,0x74,0x72,0x6f,0x6c,
  0x6c,0x65,0x72,0xa,0x20,0x20,0x20,0x20,0x20,0x20,0x20,0x20,0x66,0x75,0x6e,0x63,
  0x74,0x69,0x6f,0x6e,0x20,0x6f,0x6e,0x49,0x64,0x65,0x6e,0x74,0x69,0x66,0x79,0x5f,
  0x73,0x75,0x63,0x63,0x65,0x65,0x64,0x65,0x64,0x28,0x29,0x20,0x7b,0xa,0x20,0x20,
  0x20,0x20,0x20,0x20,0x20,0x20,0x20,0x20,0x20,0x20,0x73,0x74,0x61,0x63,0x6b,0x2e,
  0x70,0x75,0x73,0x68,0x28,0x22,0x49,0x64,0x65,0x6e,0x74,0x69,0x66,0x79,0x52,0x65,
  0x73,0x75,0x6c,0x74,0x50,0x61,0x67,0x65,0x2e,0x71,0x6d,0x6c,0x22,0x29,0xa,0x20,
  0x20,0x20,0x20,0x20,0x20,0x20,0x20,0x7d,0xa,0x20,0x20,0x20,0x20,0x20,0x20,0x20,
  0x20,0x66,0x75,0x6e,0x63,0x74,0x69,0x6f,0x6e,0x20,0x6f,0x6e,0x49,0x64,0x65,0x6e,
  0x74,0x69,0x66,0x79,0x5f,0x66,0x61,0x69,0x6c,0x65,0x64,0x28,0x65,0x72,0x72,0x6f,
  0x72,0x5f,0x63,0x6f,0x64,0x65,0x29,0x20,0x7b,0xa,0x20,0x20,0x20,0x20,0x20,0x20,
  0x20,0x20,0x20,0x20,0x20,0x20,0x61,0x70,0x70,0x5f,0x63,0x6f,0x6e,0x74,0x72,0x6f,
  0x6c,0x6c,0x65,0x72,0x2e,0x73,0x68,0x6f,0x77,0x5f,0x74,0x6f,0x61,0x73,0x74,0x28,
  0x71,0x73,0x54,0x72,0x28,0x22,0xec,0x8b,0x9d,0xeb,0xb3,0x84,0x20,0xec,0x8b,0xa4,
  0xed,0x8c,0xa8,0x3a,0x20,0x22,0x29,0x20,0x2b,0x20,0x65,0x72,0x72,0x6f,0x72,0x5f,
  0x63,0x6f,0x64,0x65,0x29,0xa,0x20,0x20,0x20,0x20,0x20,0x20,0x20,0x20,0x7d,0xa,
  0x20,0x20,0x20,0x20,0x7d,0xa,0xa,0x20,0x20,0x20,0x20,0x43,0x6f,0x6c,0x75,0x6d,
  0x6e,0x4c,0x61,0x79,0x6f,0x75,0x74,0x20,0x7b,0xa,0x20,0x20,0x20,0x20,0x20,0x20,
  0x20,0x20,0x61,0x6e,0x63,0x68,0x6f,0x72,0x73,0x2e,0x66,0x69,0x6c,0x6c,0x3a,0x20,
  0x70,0x61,0x72,0x65,0x6e,0x74,0xa,0x20,0x20,0x20,0x20,0x20,0x20,0x20,0x20,0x61,
  0x6e,0x63,0x68,0x6f,0x72,0x73,0x2e,0x6d,0x61,0x72,0x67,0x69,0x6e,0x73,0x3a,0x20,
  0x32,0x34,0xa,0x20,0x20,0x20,0x20,0x20,0x20,0x20,0x20,0x73,0x70,0x61,0x63,0x69,
  0x6e,0x67,0x3a,0x20,0x32,0x34,0xa,0xa,0x20,0x20,0x20,0x20,0x20,0x20,0x20,0x20,
  0x4c,0x61,0x62,0x65,0x6c,0x20,0x7b,0xa,0x20,0x20,0x20,0x20,0x20,0x20,0x20,0x20,
  0x20,0x20,0x20,0x20,0x74,0x65,0x78,0x74,0x3a,0x20,0x71,0x73,0x54,0x72,0x28,0x22,
  0xed,0x99,0x98,0xec,0x98,0x81,0xed,0x95,0xa9,0xeb,0x8b,0x88,0xeb,0x8b,0xa4,0x2c,
  0x20,0x22,0x29,0x20,0x2b,0xa,0x20,0x20,0x20,0x20,0x20,0x20,0x20,0x20,0x20,0x20,
  0x20,0x20,0x20,0x20,0x20,0x20,0x20,0x20,0x28,0x61,0x75,0x74,0x68,0x5f,0x63,0x6f,
  0x6e,0x74,0x72,0x6f,0x6c,0x6c,0x65,0x72,0x2e,0x63,0x75,0x72,0x72,0x65,0x6e,0x74,
  0x5f,0x75,0x73,0x65,0x72,0x5f,0x65,0x6d,0x61,0x69,0x6c,0x20,0x7c,0x7c,0x20,0x71,
  0x73,0x54,0x72,0x28,0x22,0xec,0x82,0xac,0xec,0x9a,0xa9,0xec,0x9e,0x90,0x22,0x29,
  0x29,0x20,0x2b,0xa,0x20,0x20,0x20,0x20,0x20,0x20,0x20,0x20,0x20,0x20,0x20,0x20,
  0x20,0x20,0x20,0x20,0x20,0x20,0x71,0x73,0x54,0x72,0x28,0x22,0x20,0xeb,0x8b,0x98,
  0x22,0x29,0xa,0x20,0x20,0x20,0x20,0x20,0x20,0x20,0x20,0x20,0x20,0x20,0x20,0x66,
  0x6f,0x6e,0x74,0x2e,0x70,0x69,0x78,0x65,0x6c,0x53,0x69,0x7a,0x65,0x3a,0x20,0x32,
  0x34,0xa,0x20,0x20,0x20,0x20,0x20,0x20,0x20,0x20,0x20,0x20,0x20,0x20,0x66,0x6f,
  0x6e,0x74,0x2e,0x62,0x6f,0x6c,0x64,0x3a,0x20,0x74,0x72,0x75,0x65,0xa,0x20,0x20,
  0x20,0x20,0x20,0x20,0x20,0x20,0x20,0x20,0x20,0x20,0x4c,0x61,0x79,0x6f,0x75,0x74,
  0x2e,0x61,0x6c,0x69,0x67,0x6e,0x6d,0x65,0x6e,0x74,0x3a,0x20,0x51,0x74,0x2e,0x41,
  0x6c,0x69,0x67,0x6e,0x48,0x43,0x65,0x6e,0x74,0x65,0x72,0xa,0x20,0x20,0x20,0x20,
  0x20,0x20,0x20,0x20,0x7d,0xa,0xa,0x20,0x20,0x20,0x20,0x20,0x20,0x20,0x20,0x4c,
  0x61,0x62,0x65,0x6c,0x20,0x7b,0xa,0x20,0x20,0x20,0x20,0x20,0x20,0x20,0x20,0x20,
  0x20,0x20,0x20,0x74,0x65,0x78,0x74,0x3a,0x20,0x71,0x73,0x54,0x72,0x28,0x22,0xed,
  0x8f,0xb0,0xec,0x9c,0xbc,0xeb,0xa1,0x9c,0x20,0xec,0x95,0x8c,0xec,0x95,0xbd,0xec,
  0x9d,0x84,0x20,0xec,0xb4,0xac,0xec,0x98,0x81,0xed,0x95,0x98,0xea,0xb3,0xa0,0x20,
  0xec,0x9d,0x8c,0xec,0x84,0xb1,0xec,0x9c,0xbc,0xeb,0xa1,0x9c,0x20,0xec,0xa7,0x88,
  0xeb,0xac,0xb8,0xed,0x95,0x98,0xec,0x84,0xb8,0xec,0x9a,0x94,0x2e,0x22,0x29,0xa,
  0x20,0x20,0x20,0x20,0x20,0x20,0x20,0x20,0x20,0x20,0x20,0x20,0x66,0x6f,0x6e,0x74,
  0x2e,0x70,0x69,0x78,0x65,0x6c,0x53,0x69,0x7a,0x65,0x3a,0x20,0x31,0x36,0xa,0x20,
  0x20,0x20,0x20,0x20,0x20,0x20,0x20,0x20,0x20,0x20,0x20,0x4c,0x61,0x79,0x6f,0x75,
  0x74,0x2e,0x61,0x6c,0x69,0x67,0x6e,0x6d,0x65,0x6e,0x74,0x3a,0x20,0x51,0x74,0x2e,
  0x41,0x6c,0x69,0x67,0x6e,0x48,0x43,0x65,0x6e,0x74,0x65,0x72,0xa,0x20,0x20,0x20,
  0x20,0x20,0x20,0x20,0x20,0x20,0x20,0x20,0x20,0x63,0x6f,0x6c,0x6f,0x72,0x3a,0x20,
  0x22,0x23,0x36,0x31,0x36,0x31,0x36,0x31,0x22,0xa,0x20,0x20,0x20,0x20,0x20,0x20,
  0x20,0x20,0x7d,0xa,0xa,0x20,0x20,0x20,0x20,0x20,0x20,0x20,0x20,0x2f,0x2f,0x20,
  0xed,0x8f,0xb0,0x20,0xec,0x82,0xac,0xec,0x9a,0xa9,0x20,0xec,0x95,0x88,0xeb,0x82,
  0xb4,0x20,0x28,0x55,0x53,0x42,0x20,0xec,0x97,0xb0,0xea,0xb2,0xb0,0x20,0xeb,0xaf,
  0xb8,0xec,0x99,0x84,0xeb,0xa3,0x8c,0x20,0xec,0x8b,0x9c,0x29,0xa,0x20,0x20,0x20,
  0x20,0x20,0x20,0x20,0x20,0x52,0x65,0x63,0x74,0x61,0x6e,0x67,0x6c,0x65,0x20,0x7b,
  0xa,0x20,0x20,0x20,0x20,0x20,0x20,0x20,0x20,0x20,0x20,0x20,0x20,0x4c,0x61,0x79,
  0x6f,0x75,0x74,0x2e,0x66,0x69,0x6c,0x6c,0x57,0x69,0x64,0x74,0x68,0x3a,0x20,0x74,
  0x72,0x75,0x65,0xa,0x20,0x20,0x20,0x20,0x20,0x20,0x20,0x20,0x20,0x20,0x20,0x20,
  0x4c,0x61,0x79,0x6f,0x75,0x74,0x2e,0x70,0x72,0x65,0x66,0x65,0x72,0x72,0x65,0x64,
  0x48,0x65,0x69,0x67,0x68,0x74,0x3a,0x20,0x36,0x30,0xa,0x20,0x20,0x20,0x20,0x20,
  0x20,0x20,0x20,0x20,0x20,0x20,0x20,0x76,0x69,0x73,0x69,0x62,0x6c,0x65,0x3a,0x20,
  0x21,0x70,0x68,0x6f,0x6e,0x65,0x5f,0x6c,0x69,0x6e,0x6b,0x5f,0x63,0x6f,0x6e,0x74,
  0x72,0x6f,0x6c,0x6c,0x65,0x72,0x2e,0x69,0x73,0x5f,0x63,0x6f,0x6e,0x6e,0x65,0x63,
  0x74,0x65,0x64,0xa,0x20,0x20,0x20,0x20,0x20,0x20,0x20,0x20,0x20,0x20,0x20,0x20,
  0x63,0x6f,0x6c,0x6f,0x72,0x3a,0x20,0x22,0x23,0x46,0x46,0x46,0x33,0x45,0x30,0x22,
  0xa,0x20,0x20,0x20,0x20,0x20,0x20,0x20,0x20,0x20,0x20,0x20,0x20,0x62,0x6f,0x72,
  0x64,0x65,0x72,0x2e,0x63,0x6f,0x6c,0x6f,0x72,0x3a,0x20,0x22,0x23,0x46,0x46,0x39,
  0x38,0x30,0x30,0x22,0xa,0x20,0x20,0x20,0x20,0x20,0x20,0x20,0x20,0x20,0x20,0x20,
  0x20,0x72,0x61,0x64,0x69,0x75,0x73,0x3a,0x20,0x38,0xa,0xa,0x20,0x20,0x20,0x20,
  0x20,0x20,0x20,0x20,0x20,0x20,0x20,0x20,0x4c,0x61,0x62,0x65,0x6c,0x20,0x7b,0xa,
  0x20,0x20,0x20,0x20,0x20,0x20,0x20,0x20,0x20,0x20,0x20,0x20,0x20,0x20,0x20,0x20,
  0x61,0x6e,0x63,0x68,0x6f,0x72,0x73,0x2e,0x63,0x65,0x6e,0x74,0x65,0x72,0x49,0x6e,
  0x3a,0x20,0x70,0x61,0x72,0x65,0x6e,0x74,0xa,0x20,0x20,0x20,0x20,0x20,0x20,0x20,
  0x20,0x20,0x20,0x20,0x20,0x20,0x20,0x20,0x20,0x74,0x65,0x78,0x74,0x3a,0x20,0x71,
  0x73,0x54,0x72,0x28,0x22,0xe2,0x9a,0xa0,0x20,0xed,0x8f,0xb0,0xec,0x9d,0x84,0x20,
  0x55,0x53,0x42,0xeb,0xa1,0x9c,0x20,0xec,0x97,0xb0,0xea,0xb2,0xb0,0xed,0x95,0x9c,
  0x20,0xed,0x9b,0x84,0x20,0xec,0x82,0xac,0xec,0x9a,0xa9,0xed,0x95,0x98,0xec,0x84,
  0xb8,0xec,0x9a,0x94,0x2e,0x22,0x29,0xa,0x20,0x20,0x20,0x20,0x20,0x20,0x20,0x20,
  0x20,0x20,0x20,0x20,0x20,0x20,0x20,0x20,0x66,0x6f,0x6e,0x74,0x2e,0x70,0x69,0x78,
  0x65,0x6c,0x53,0x69,0x7a,0x65,0x3a,0x20,0x31,0x36,0xa,0x20,0x20,0x20,0x20,0x20,
  0x20,0x20,0x20,0x20,0x20,0x20,0x20,0x20,0x20,0x20,0x20,0x63,0x6f,0x6c,0x6f,0x72,
  0x3a,0x20,0x22,0x23,0x45,0x36,0x35,0x31,0x30,0x30,0x22,0xa,0x20,0x20,0x20,0x20,
  0x20,0x20,0x20,0x20,0x20,0x20,0x20,0x20,0x7d,0xa,0x20,0x20,0x20,0x20,0x20,0x20,
  0x20,0x20,0x7d,0xa,0xa,0x20,0x20,0x20,0x20,0x20,0x20,0x20,0x20,0x2f,0x2f,0x20,
  0xeb,0xa9,0x94,0xeb,0x89,0xb4,0x20,0xeb,0xb2,0x84,0xed,0x8a,0xbc,0xeb,0x93,0xa4,
  0xa,0x20,0x20,0x20,0x20,0x20,0x20,0x20,0x20,0x47,0x72,0x69,0x64,0x4c,0x61,0x79,
  0x6f,0x75,0x74,0x20,0x7b,0xa,0x20,0x20,0x20,0x20,0x20,0x20,0x20,0x20,0x20,0x20,
  0x20,0x20,0x4c,0x61,0x79,0x6f,0x75,0x74,0x2e,0x61,0x6c,0x69,0x67,0x6e,0x6d,0x65,
  0x6e,0x74,0x3a,0x20,0x51,0x74,0x2e,0x41,0x6c,0x69,0x67,0x6e,0x48,0x43,0x65,0x6e,
  0x74,0x65,0x72,0xa,0x20,0x20,0x20,0x20,0x20,0x20,0x20,0x20,0x20,0x20,0x20,0x20,
  0x63,0x6f,0x6c,0x75,0x6d,0x6e,0x73,0x3a,0x20,0x32,0xa,0x20,0x20,0x20,0x20,0x20,
  0x20,0x20,0x20,0x20,0x20,0x20,0x20,0x63,0x6f,0x6c,0x75,0x6d,0x6e,0x53,0x70,0x61,
  0x63,0x69,0x6e,0x67,0x3a,0x20,0x31,0x36,0xa,0x20,0x20,0x20,0x20,0x20,0x20,0x20,
  0x20,0x20,0x20,0x20,0x20,0x72,0x6f,0x77,0x53,0x70,0x61,0x63,0x69,0x6e,0x67,0x3a,
  0x20,0x31,0x36,0xa,0xa,0x20,0x20,0x20,0x20,0x20,0x20,0x20,0x20,0x20,0x20,0x20,
  0x20,0x41,0x70,0x70,0x42,0x75,0x74,0x74,0x6f,0x6e,0x20,0x7b,0xa,0x20,0x20,0x20,
  0x20,0x20,0x20,0x20,0x20,0x20,0x20,0x20,0x20,0x20,0x20,0x20,0x20,0x74,0x65,0x78,
  0x74,0x3a,0x20,0x71,0x73,0x54,0x72,0x28,0x22,0xec,0x95,0xbd,0x20,0xed,0x92,0x80,
  0x20,0xea,0xb4,0x80,0xeb,0xa6,0xac,0x22,0x29,0xa,0x20,0x20,0x20,0x20,0x20,0x20,
  0x20,0x20,0x20,0x20,0x20,0x20,0x20,0x20,0x20,0x20,0x4c,0x61,0x79,0x6f,0x75,0x74,
  0x2e,0x70,0x72,0x65,0x66,0x65,0x72,0x72,0x65,0x64,0x57,0x69,0x64,0x74,0x68,0x3a,
  0x20,0x32,0x38,0x30,0xa,0x20,0x20,0x20,0x20,0x20,0x20,0x20,0x20,0x20,0x20,0x20,
  0x20,0x20,0x20,0x20,0x20,0x6f,0x6e,0x43,0x6c,0x69,0x63,0x6b,0x65,0x64,0x3a,0x20,
  0x73,0x74,0x61,0x63,0x6b,0x2e,0x70,0x75,0x73,0x68,0x28,0x22,0x50,0x69,0x6c,0x6c,
  0x50,0x6f,0x6f,0x6c,0x50,0x61,0x67,0x65,0x2e,0x71,0x6d,0x6c,0x22,0x29,0xa,0x20,
  0x20,0x20,0x20,0x20,0x20,0x20,0x20,0x20,0x20,0x20,0x20,0x7d,0xa,0xa,0x20,0x20,
  0x20,0x20,0x20,0x20,0x20,0x20,0x20,0x20,0x20,0x20,0x41,0x70,0x70,0x42,0x75,0x74,
  0x74,0x6f,0x6e,0x20,0x7b,0xa,0x20,0x20,0x20,0x20,0x20,0x20,0x20,0x20,0x20,0x20,
  0x20,0x20,0x20,0x20,0x20,0x20,0x74,0x65,0x78,0x74,0x3a,0x20,0x71,0x73,0x54,0x72,
  0x28,0x22,0xeb,0xb3,0xb5,0xec,0x95,0xbd,0x20,0xec,0x9d,0xb4,0xeb,0xa0,0xa5,0x22,
  0x29,0xa,0x20,0x20,0x20,0x20,0x20,0x20,0x20,0x20,0x20,0x20,0x20,0x20,0x20,0x20,
  0x20,0x20,0x4c,0x61,0x79,0x6f,0x75,0x74,0x2e,0x70,0x72,0x65,0x66,0x65,0x72,0x72,
  0x65,0x64,0x57,0x69,0x64,0x74,0x68,0x3a,0x20,0x32,0x38,0x30,0xa,0x20,0x20,0x20,
  0x20,0x20,0x20,0x20,0x20,0x20,0x20,0x20,0x20,0x20,0x20,0x20,0x20,0x6f,0x6e,0x43,
  0x6c,0x69,0x63,0x6b,0x65,0x64,0x3a,0x20,0x73,0x74,0x61,0x63,0x6b,0x2e,0x70,0x75,
  0x73,0x68,0x28,0x22,0x48,0x69,0x73,0x74,0x6f,0x72,0x79,0x50,0x61,0x67,0x65,0x2e,
  0x71,0x6d,0x6c,0x22,0x29,0xa,0x20,0x20,0x20,0x20,0x20,0x20,0x20,0x20,0x20,0x20,
  0x20,0x20,0x7d,0xa,0xa,0x20,0x20,0x20,0x20,0x20,0x20,0x20,0x20,0x20,0x20,0x20,
  0x20,0x41,0x70,0x70,0x42,0x75,0x74,0x74,0x6f,0x6e,0x20,0x7b,0xa,0x20,0x20,0x20,
  0x20,0x20,0x20,0x20,0x20,0x20,0x20,0x20,0x20,0x20,0x20,0x20,0x20,0x74,0x65,0x78,
  0x74,0x3a,0x20,0x71,0x73,0x54,0x72,0x28,0x22,0xed,0x86,0xb5,0xed,0x95,0xa9,0x20,
  0xeb,0xb3,0xb4,0xea,0xb3,0xa0,0xec,0x84,0x9c,0x22,0x29,0xa,0x20,0x20,0x20,0x20,
  0x20,0x20,0x20,0x20,0x20,0x20,0x20,0x20,0x20,0x20,0x20,0x20,0x4c,0x61,0x79,0x6f,
  0x75,0x74,0x2e,0x70,0x72,0x65,0x66,0x65,0x72,0x72,0x65,0x64,0x57,0x69,0x64,0x74,
  0x68,0x3a,0x20,0x32,0x38,0x30,0xa,0x20,0x20,0x20,0x20,0x20,0x20,0x20,0x20,0x20,
  0x20,0x20,0x20,0x20,0x20,0x20,0x20,0x6f,0x6e,0x43,0x6c,0x69,0x63,0x6b,0x65,0x64,
  0x3a,0x20,0x73,0x74,0x61,0x63,0x6b,0x2e,0x70,0x75,0x73,0x68,0x28,0x22,0x52,0x65,
  0x70,0x6f,0x72,0x74,0x50,0x61,0x67,0x65,0x2e,0x71,0x6d,0x6c,0x22,0x29,0xa,0x20,
  0x20,0x20,0x20,0x20,0x20,0x20,0x20,0x20,0x20,0x20,0x20,0x7d,0xa,0xa,0x20,0x20,
  0x20,0x20,0x20,0x20,0x20,0x20,0x20,0x20,0x20,0x20,0x41,0x70,0x70,0x42,0x75,0x74,
  0x74,0x6f,0x6e,0x20,0x7b,0xa,0x20,0x20,0x20,0x20,0x20,0x20,0x20,0x20,0x20,0x20,
  0x20,0x20,0x20,0x20,0x20,0x20,0x74,0x65,0x78,0x74,0x3a,0x20,0x71,0x73,0x54,0x72,
  0x28,0x22,0xec,0xb5,0x9c,0xea,0xb7,0xbc,0x20,0xec,0x8b,0x9d,0xeb,0xb3,0x84,0x20,
  0xea,0xb2,0xb0,0xea,0xb3,0xbc,0x22,0x29,0xa,0x20,0x20,0x20,0x20,0x20,0x20,0x20,
  0x20,0x20,0x20,0x20,0x20,0x20,0x20,0x20,0x20,0x76,0x61,0x72,0x69,0x61,0x6e,0x74,
  0x3a,0x20,0x22,0x73,0x65,0x63,0x6f,0x6e,0x64,0x61,0x72,0x79,0x22,0xa,0x20,0x20,
  0x20,0x20,0x20,0x20,0x20,0x20,0x20,0x20,0x20,0x20,0x20,0x20,0x20,0x20,0x4c,0x61,
  0x79,0x6f,0x75,0x74,0x2e,0x70,0x72,0x65,0x66,0x65,0x72,0x72,0x65,0x64,0x57,0x69,
  0x64,0x74,0x68,0x3a,0x20,0x32,0x38,0x30,0xa,0x20,0x20,0x20,0x20,0x20,0x20,0x20,
  0x20,0x20,0x20,0x20,0x20,0x20,0x20,0x20,0x20,0x65,0x6e,0x61,0x62,0x6c,0x65,0x64,
  0x3a,0x20,0x70,0x69,0x6c,0x6c,0x5f,0x63,0x6f,0x6e,0x74,0x72,0x6f,0x6c,0x6c,0x65,
  0x72,0x2e,0x6c,0x61,0x73,0x74,0x5f,0x72,0x65,0x71,0x75,0x65,0x73,0x74,0x5f,0x69,
  0x64,0x2e,0x6c,0x65,0x6e,0x67,0x74,0x68,0x20,0x3e,0x20,0x30,0xa,0x20,0x20,0x20,
  0x20,0x20,0x20,0x20,0x20,0x20,0x20,0x20,0x20,0x20,0x20,0x20,0x20,0x6f,0x6e,0x43,
  0x6c,0x69,0x63,0x6b,0x65,0x64,0x3a,0x20,0x73,0x74,0x61,0x63,0x6b,0x2e,0x70,0x75,
  0x73,0x68,0x28,0x22,0x49,0x64,0x65,0x6e,0x74,0x69,0x66,0x79,0x52,0x65,0x73,0x75,
  0x6c,0x74,0x50,0x61,0x67,0x65,0x2e,0x71,0x6d,0x6c,0x22,0x29,0xa,0x20,0x20,0x20,
  0x20,0x20,0x20,0x20,0x20,0x20,0x20,0x20,0x20,0x7d,0xa,0x20,0x20,0x20,0x20,0x20,
  0x20,0x20,0x20,0x7d,0xa,0xa,0x20,0x20,0x20,0x20,0x20,0x20,0x20,0x20,0x49,0x74,
  0x65,0x6d,0x20,0x7b,0x20,0x4c,0x61,0x79,0x6f,0x75,0x74,0x2e,0x66,0x69,0x6c,0x6c,
  0x48,0x65,0x69,0x67,0x68,0x74,0x3a,0x20,0x74,0x72,0x75,0x65,0x20,0x7d,0xa,0x20,
  0x20,0x20,0x20,0x7d,0xa,0x7d,0xa,
    // SignupPage.qml
  0x0,0x0,0x8,0xef,
  0x2f,
  0x2f,0x20,0x3d,0x3d,0x3d,0x3d,0x3d,0x3d,0x3d,0x3d,0x3d,0x3d,0x3d,0x3d,0x3d,0x3d,
  0x3d,0x3d,0x3d,0x3d,0x3d,0x3d,0x3d,0x3d,0x3d,0x3d,0x3d,0x3d,0x3d,0x3d,0x3d,0x3d,
  0x3d,0x3d,0x3d,0x3d,0x3d,0x3d,0x3d,0x3d,0x3d,0x3d,0x3d,0x3d,0x3d,0x3d,0x3d,0x3d,
  0x3d,0x3d,0x3d,0x3d,0x3d,0x3d,0x3d,0xa,0x2f,0x2f,0x20,0x53,0x69,0x67,0x6e,0x75,
  0x70,0x50,0x61,0x67,0x65,0x20,0xe2,0x80,0x94,0x20,0xed,0x9a,0x8c,0xec,0x9b,0x90,
  0xea,0xb0,0x80,0xec,0x9e,0x85,0x20,0xed,0x99,0x94,0xeb,0xa9,0xb4,0x20,0x28,0xeb,
  0xaa,0xa8,0xeb,0x93,0x88,0x20,0x36,0x29,0xa,0x2f,0x2f,0x20,0x3d,0x3d,0x3d,0x3d,
  0x3d,0x3d,0x3d,0x3d,0x3d,0x3d,0x3d,0x3d,0x3d,0x3d,0x3d,0x3d,0x3d,0x3d,0x3d,0x3d,
  0x3d,0x3d,0x3d,0x3d,0x3d,0x3d,0x3d,0x3d,0x3d,0x3d,0x3d,0x3d,0x3d,0x3d,0x3d,0x3d,
  0x3d,0x3d,0x3d,0x3d,0x3d,0x3d,0x3d,0x3d,0x3d,0x3d,0x3d,0x3d,0x3d,0x3d,0x3d,0x3d,
  0x3d,0xa,0x69,0x6d,0x70,0x6f,0x72,0x74,0x20,0x51,0x74,0x51,0x75,0x69,0x63,0x6b,
  0xa,0x69,0x6d,0x70,0x6f,0x72,0x74,0x20,0x51,0x74,0x51,0x75,0x69,0x63,0x6b,0x2e,
  0x43,0x6f,0x6e,0x74,0x72,0x6f,0x6c,0x73,0xa,0x69,0x6d,0x70,0x6f,0x72,0x74,0x20,
  0x51,0x74,0x51,0x75,0x69,0x63,0x6b,0x2e,0x4c,0x61,0x79,0x6f,0x75,0x74,0x73,0xa,
  0x69,0x6d,0x70,0x6f,0x72,0x74,0x20,0x22,0x2e,0x2e,0x2f,0x43,0x6f,0x6d,0x70,0x6f,
  0x6e,0x65,0x6e,0x74,0x73,0x22,0xa,0xa,0x50,0x61,0x67,0x65,0x20,0x7b,0xa,0x20,
  0x20,0x20,0x20,0x69,0x64,0x3a,0x20,0x73,0x69,0x67,0x6e,0x75,0x70,0x5f,0x70,0x61,
  0x67,0x65,0xa,0xa,0x20,0x20,0x20,0x20,0x43,0x6f,0x6e,0x6e,0x65,0x63,0x74,0x69,
  0x6f,0x6e,0x73,0x20,0x7b,0xa,0x20,0x20,0x20,0x20,0x20,0x20,0x20,0x20,0x74,0x61,
  0x72,0x67,0x65,0x74,0x3a,0x20,0x61,0x75,0x74,0x68,0x5f,0x63,0x6f,0x6e,0x74,0x72,
  0x6f,0x6c,0x6c,0x65,0x72,0xa,0x20,0x20,0x20,0x20,0x20,0x20,0x20,0x20,0x66,0x75,
  0x6e,0x63,0x74,0x69,0x6f,0x6e,0x20,0x6f,0x6e,0x53,0x69,0x67,0x6e,0x75,0x70,0x5f,
  0x73,0x75,0x63,0x63,0x65,0x65,0x64,0x65,0x64,0x28,0x29,0x20,0x7b,0xa,0x20,0x20,
  0x20,0x20,0x20,0x20,0x20,0x20,0x20,0x20,0x20,0x20,0x61,0x70,0x70,0x5f,0x63,0x6f,
  0x6e,0x74,0x72,0x6f,0x6c,0x6c,0x65,0x72,0x2e,0x73,0x68,0x6f,0x77,0x5f,0x74,0x6f,
  0x61,0x73,0x74,0x28,0x71,0x73,0x54,0x72,0x28,0x22,0xed,0x9a,0x8c,0xec,0x9b,0x90,
  0xea,0xb0,0x80,0xec,0x9e,0x85,0x20,0xec,0x99,0x84,0xeb,0xa3,0x8c,0x2e,0x20,0xeb,
  0xa1,0x9c,0xea,0xb7,0xb8,0xec,0x9d,0xb8,0xed,0x95,0xb4,0xec,0xa3,0xbc,0xec,0x84,
  0xb8,0xec,0x9a,0x94,0x2e,0x22,0x29,0x29,0xa,0x20,0x20,0x20,0x20,0x20,0x20,0x20,
  0x20,0x20,0x20,0x20,0x20,0x73,0x74,0x61,0x63,0x6b,0x2e,0x70,0x6f,0x70,0x28,0x29,
  0xa,0x20,0x20,0x20,0x20,0x20,0x20,0x20,0x20,0x7d,0xa,0x20,0x20,0x20,0x20,0x20,
  0x20,0x20,0x20,0x66,0x75,0x6e,0x63,0x74,0x69,0x6f,0x6e,0x20,0x6f,0x6e,0x53,0x69,
  0x67,0x6e,0x75,0x70,0x5f,0x66,0x61,0x69,0x6c,0x65,0x64,0x28,0x65,0x72,0x72,0x6f,
  0x72,0x5f,0x63,0x6f,0x64,0x65,0x29,0x20,0x7b,0xa,0x20,0x20,0x20,0x20,0x20,0x20,
  0x20,0x20,0x20,0x20,0x20,0x20,0x65,0x72,0x72,0x6f,0x72,0x5f,0x6c,0x61,0x62,0x65,
  0x6c,0x2e,0x74,0x65,0x78,0x74,0x20,0x3d,0x20,0x65,0x72,0x72,0x6f,0x72,0x5f,0x63,
  0x6f,0x64,0x65,0xa,0x20,0x20,0x20,0x20,0x20,0x20,0x20,0x20,0x7d,0xa,0x20,0x20,
  0x20,0x20,0x7d,0xa,0xa,0x20,0x20,0x20,0x20,0x43,0x6f,0x6c,0x75,0x6d,0x6e,0x4c,
  0x61,0x79,0x6f,0x75,0x74,0x20,0x7b,0xa,0x20,0x20,0x20,0x20,0x20,0x20,0x20,0x20,
  0x61,0x6e,0x63,0x68,0x6f,0x72,0x73,0x2e,0x63,0x65,0x6e,0x74,0x65,0x72,0x49,0x6e,
  0x3a,0x20,0x70,0x61,0x72,0x65,0x6e,0x74,0xa,0x20,0x20,0x20,0x20,0x20,0x20,0x20,
  0x20,0x77,0x69,0x64,0x74,0x68,0x3a,0x20,0x34,0x30,0x30,0xa,0x20,0x20,0x20,0x20,
  0x20,0x20,0x20,0x20,0x73,0x70,0x61,0x63,0x69,0x6e,0x67,0x3a,0x20,0x31,0x36,0xa,
  0xa,0x20,0x20,0x20,0x20,0x20,0x20,0x20,0x20,0x4c,0x61,0x62,0x65,0x6c,0x20,0x7b,
  0xa,0x20,0x20,0x20,0x20,0x20,0x20,0x20,0x20,0x20,0x20,0x20,0x20,0x74,0x65,0x78,
  0x74,0x3a,0x20,0x71,0x73,0x54,0x72,0x28,0x22,0xed,0x9a,0x8c,0xec,0x9b,0x90,0xea,
  0xb0,0x80,0xec,0x9e,0x85,0x22,0x29,0xa,0x20,0x20,0x20,0x20,0x20,0x20,0x20,0x20,
  0x20,0x20,0x20,0x20,0x66,0x6f,0x6e,0x74,0x2e,0x70,0x69,0x78,0x65,0x6c,0x53,0x69,
  0x7a,0x65,0x3a,0x20,0x32,0x38,0xa,0x20,0x20,0x20,0x20,0x20,0x20,0x20,0x20,0x20,
  0x20,0x20,0x20,0x66,0x6f,0x6e,0x74,0x2e,0x62,0x6f,0x6c,0x64,0x3a,0x20,0x74,0x72,
  0x75,0x65,0xa,0x20,0x20,0x20,0x20,0x20,0x20,0x20,0x20,0x20,0x20,0x20,0x20,0x4c,
  0x61,0x79,0x6f,0x75,0x74,0x2e,0x61,0x6c,0x69,0x67,0x6e,0x6d,0x65,0x6e,0x74,0x3a,
  0x20,0x51,0x74,0x2e,0x41,0x6c,0x69,0x67,0x6e,0x48,0x43,0x65,0x6e,0x74,0x65,0x72,
  0xa,0x20,0x20,0x20,0x20,0x20,0x20,0x20,0x20,0x7d,0xa,0xa,0x20,0x20,0x20,0x20,
  0x20,0x20,0x20,0x20,0x54,0x65,0x78,0x74,0x46,0x69,0x65,0x6c,0x64,0x20,0x7b,0xa,
  0x20,0x20,0x20,0x20,0x20,0x20,0x20,0x20,0x20,0x20,0x20,0x20,0x69,0x64,0x3a,0x20,
  0x65,0x6d,0x61,0x69,0x6c,0x5f,0x66,0x69,0x65,0x6c,0x64,0xa,0x20,0x20,0x20,0x20,
  0x20,0x20,0x20,0x20,0x20,0x20,0x20,0x20,0x4c,0x61,0x79,0x6f,0x75,0x74,0x2e,0x66,
  0x69,0x6c,0x6c,0x57,0x69,0x64,0x74,0x68,0x3a,0x20,0x74,0x72,0x75,0x65,0xa,0x20,
  0x20,0x20,0x20,0x20,0x20,0x20,0x20,0x20,0x20,0x20,0x20,0x70,0x6c,0x61,0x63,0x65,
  0x68,0x6f,0x6c,0x64,0x65,0x72,0x54,0x65,0x78,0x74,0x3a,0x20,0x71,0x73,0x54,0x72,
  0x28,0x22,0xec,0x9d,0xb4,0xeb,0xa9,0x94,0xec,0x9d,0xbc,0x22,0x29,0xa,0x20,0x20,
  0x20,0x20,0x20,0x20,0x20,0x20,0x20,0x20,0x20,0x20,0x66,0x6f,0x6e,0x74,0x2e,0x70,
  0x69,0x78,0x65,0x6c,0x53,0x69,0x7a,0x65,0x3a,0x20,0x31,0x38,0xa,0x20,0x20,0x20,
  0x20,0x20,0x20,0x20,0x20,0x20,0x20,0x20,0x20,0x69,0x6e,0x70,0x75,0x74,0x4d,0x65,
  0x74,0x68,0x6f,0x64,0x48,0x69,0x6e,0x74,0x73,0x3a,0x20,0x51,0x74,0x2e,0x49,0x6d,
  0x68,0x45,0x6d,0x61,0x69,0x6c,0x43,0x68,0x61,0x72,0x61,0x63,0x74,0x65,0x72,0x73,
  0x4f,0x6e,0x6c,0x79,0xa,0x20,0x20,0x20,0x20,0x20,0x20,0x20,0x20,0x7d,0xa,0xa,
  0x20,0x20,0x20,0x20,0x20,0x20,0x20,0x20,0x54,0x65,0x78,0x74,0x46,0x69,0x65,0x6c,
  0x64,0x20,0x7b,0xa,0x20,0x20,0x20,0x20,0x20,0x20,0x20,0x20,0x20,0x20,0x20,0x20,
  0x69,0x64,0x3a,0x20,0x70,0x77,0x5f,0x66,0x69,0x65,0x6c,0x64,0xa,0x20,0x20,0x20,
  0x20,0x20,0x20,0x20,0x20,0x20,0x20,0x20,0x20,0x4c,0x61,0x79,0x6f,0x75,0x74,0x2e,
  0x66,0x69,0x6c,0x6c,0x57,0x69,0x64,0x74,0x68,0x3a,0x20,0x74,0x72,0x75,0x65,0xa,
  0x20,0x20,0x20,0x20,0x20,0x20,0x20,0x20,0x20,0x20,0x20,0x20,0x70,0x6c,0x61,0x63,
  0x65,0x68,0x6f,0x6c,0x64,0x65,0x72,0x54,0x65,0x78,0x74,0x3a,0x20,0x71,0x73,0x54,
  0x72,0x28,0x22,0xeb,0xb9,0x84,0xeb,0xb0,0x80,0xeb,0xb2,0x88,0xed,0x98,0xb8,0x20,
  0x28,0x38,0xec,0x9e,0x90,0x20,0xec,0x9d,0xb4,0xec,0x83,0x81,0x29,0x22,0x29,0xa,
  0x20,0x20,0x20,0x20,0x20,0x20,0x20,0x20,0x20,0x20,0x20,0x20,0x65,0x63,0x68,0x6f,
  0x4d,0x6f,0x64,0x65,0x3a,0x20,0x54,0x65,0x78,0x74,0x49,0x6e,0x70,0x75,0x74,0x2e,
  0x50,0x61,0x73,0x73,0x77,0x6f,0x72,0x64,0xa,0x20,0x20,0x20,0x20,0x20,0x20,0x20,
  0x20,0x20,0x20,0x20,0x20,0x66,0x6f,0x6e,0x74,0x2e,0x70,0x69,0x78,0x65,0x6c,0x53,
  0x69,0x7a,0x65,0x3a,0x20,0x31,0x38,0xa,0x20,0x20,0x20,0x20,0x20,0x20,0x20,0x20,
  0x7d,0xa,0xa,0x20,0x20,0x20,0x20,0x20,0x20,0x20,0x20,0x54,0x65,0x78,0x74,0x46,
  0x69,0x65,0x6c,0x64,0x20,0x7b,0xa,0x20,0x20,0x20,0x20,0x20,0x20,0x20,0x20,0x20,
  0x20,0x20,0x20,0x69,0x64,0x3a,0x20,0x6e,0x61,0x6d,0x65,0x5f,0x66,0x69,0x65,0x6c,
  0x64,0xa,0x20,0x20,0x20,0x20,0x20,0x20,0x20,0x20,0x20,0x20,0x20,0x20,0x4c,0x61,
  0x79,0x6f,0x75,0x74,0x2e,0x66,0x69,0x6c,0x6c,0x57,0x69,0x64,0x74,0x68,0x3a,0x20,
  0x74,0x72,0x75,0x65,0xa,0x20,0x20,0x20,0x20,0x20,0x20,0x20,0x20,0x20,0x20,0x20,
  0x20,0x70,0x6c,0x61,0x63,0x65,0x68,0x6f,0x6c,0x64,0x65,0x72,0x54,0x65,0x78,0x74,
  0x3a,0x20,0x71,0x73,0x54,0x72,0x28,0x22,0xeb,0x8b,0x89,0xeb,0x84,0xa4,0xec,0x9e,
  0x84,0x22,0x29,0xa,0x20,0x20,0x20,0x20,0x20,0x20,0x20,0x20,0x20,0x20,0x20,0x20,
  0x66,0x6f,0x6e,0x74,0x2e,0x70,0x69,0x78,0x65,0x6c,0x53,0x69,0x7a,0x65,0x3a,0x20,
  0x31,0x38,0xa,0x20,0x20,0x20,0x20,0x20,0x20,0x20,0x20,0x7d,0xa,0xa,0x20,0x20,
  0x20,0x20,0x20,0x20,0x20,0x20,0x41,0x70,0x70,0x42,0x75,0x74,0x74,0x6f,0x6e,0x20,
  0x7b,0xa,0x20,0x20,0x20,0x20,0x20,0x20,0x20,0x20,0x20,0x20,0x20,0x20,0x4c,0x61,
  0x79,0x6f,0x75,0x74,0x2e,0x66,0x69,0x6c,0x6c,0x57,0x69,0x64,0x74,0x68,0x3a,0x20,
  0x74,0x72,0x75,0x65,0xa,0x20,0x20,0x20,0x20,0x20,0x20,0x20,0x20,0x20,0x20,0x20,
  0x20,0x74,0x65,0x78,0x74,0x3a,0x20,0x71,0x73,0x54,0x72,0x28,0x22,0xea,0xb0,0x80,
  0xec,0x9e,0x85,0xed,0x95,0x98,0xea,0xb8,0xb0,0x22,0x29,0xa,0x20,0x20,0x20,0x20,
  0x20,0x20,0x20,0x20,0x20,0x20,0x20,0x20,0x65,0x6e,0x61,0x62,0x6c,0x65,0x64,0x3a,
  0x20,0x21,0x61,0x75,0x74,0x68,0x5f,0x63,0x6f,0x6e,0x74,0x72,0x6f,0x6c,0x6c,0x65,
  0x72,0x2e,0x69,0x73,0x5f,0x6c,0x6f,0x61,0x64,0x69,0x6e,0x67,0x20,0x26,0x26,0xa,
  0x20,0x20,0x20,0x20,0x20,0x20,0x20,0x20,0x20,0x20,0x20,0x20,0x20,0x20,0x20,0x20,
  0x20,0x20,0x20,0x20,0x20,0x65,0x6d,0x61,0x69,0x6c,0x5f,0x66,0x69,0x65,0x6c,0x64,
  0x2e,0x74,0x65,0x78,0x74,0x2e,0x6c,0x65,0x6e,0x67,0x74,0x68,0x20,0x3e,0x20,0x30,
  0x20,0x26,0x26,0xa,0x20,0x20,0x20,0x20,0x20,0x20,0x20,0x20,0x20,0x20,0x20,0x20,
  0x20,0x20,0x20,0x20,0x20,0x20,0x20,0x20,0x20,0x70,0x77,0x5f,0x66,0x69,0x65,0x6c,
  0x64,0x2e,0x74,0x65,0x78,0x74,0x2e,0x6c,0x65,0x6e,0x67,0x74,0x68,0x20,0x3e,0x3d,
  0x20,0x38,0x20,0x26,0x26,0xa,0x20,0x20,0x20,0x20,0x20,0x20,0x20,0x20,0x20,0x20,
  0x20,0x20,0x20,0x20,0x20,0x20,0x20,0x20,0x20,0x20,0x20,0x6e,0x61,0x6d,0x65,0x5f,
  0x66,0x69,0x65,0x6c,0x64,0x2e,0x74,0x65,0x78,0x74,0x2e,0x6c,0x65,0x6e,0x67,0x74,
  0x68,0x20,0x3e,0x20,0x30,0xa,0x20,0x20,0x20,0x20,0x20,0x20,0x20,0x20,0x20,0x20,
  0x20,0x20,0x6f,0x6e,0x43,0x6c,0x69,0x63,0x6b,0x65,0x64,0x3a,0x20,0x61,0x75,0x74,
  0x68,0x5f,0x63,0x6f,0x6e,0x74,0x72,0x6f,0x6c,0x6c,0x65,0x72,0x2e,0x73,0x69,0x67,
  0x6e,0x75,0x70,0x28,0xa,0x20,0x20,0x20,0x20,0x20,0x20,0x20,0x20,0x20,0x20,0x20,
  0x20,0x20,0x20,0x20,0x20,0x65,0x6d,0x61,0x69,0x6c,0x5f,0x66,0x69,0x65,0x6c,0x64,
  0x2e,0x74,0x65,0x78,0x74,0x2c,0x20,0x70,0x77,0x5f,0x66,0x69,0x65,0x6c,0x64,0x2e,
  0x74,0x65,0x78,0x74,0x2c,0x20,0x6e,0x61,0x6d,0x65,0x5f,0x66,0x69,0x65,0x6c,0x64,
  0x2e,0x74,0x65,0x78,0x74,0x29,0xa,0x20,0x20,0x20,0x20,0x20,0x20,0x20,0x20,0x7d,
  0xa,0xa,0x20,0x20,0x20,0x20,0x20,0x20,0x20,0x20,0x41,0x70,0x70,0x42,0x75,0x74,
  0x74,0x6f,0x6e,0x20,0x7b,0xa,0x20,0x20,0x20,0x20,0x20,0x20,0x20,0x20,0x20,0x20,
  0x20,0x20,0x4c,0x61,0x79,0x6f,0x75,0x74,0x2e,0x66,0x69,0x6c,0x6c,0x57,0x69,0x64,
  0x74,0x68,0x3a,0x20,0x74,0x72,0x75,0x65,0xa,0x20,0x20,0x20,0x20,0x20,0x20,0x20,
  0x20,0x20,0x20,0x20,0x20,0x76,0x61,0x72,0x69,0x61,0x6e,0x74,0x3a,0x20,0x22,0x73,
  0x65,0x63,0x6f,0x6e,0x64,0x61,0x72,0x79,0x22,0xa,0x20,0x20,0x20,0x20,0x20,0x20,
  0x20,0x20,0x20,0x20,0x20,0x20,0x74,0x65,0x78,0x74,0x3a,0x20,0x71,0x73,0x54,0x72,
  0x28,0x22,0xeb,0x92,0xa4,0xeb,0xa1,0x9c,0x22,0x29,0xa,0x20,0x20,0x20,0x20,0x20,
  0x20,0x20,0x20,0x20,0x20,0x20,0x20,0x6f,0x6e,0x43,0x6c,0x69,0x63,0x6b,0x65,0x64,
  0x3a,0x20,0x73,0x74,0x61,0x63,0x6b,0x2e,0x70,0x6f,0x70,0x28,0x29,0xa,0x20,0x20,
  0x20,0x20,0x20,0x20,0x20,0x20,0x7d,0xa,0xa,0x20,0x20,0x20,0x20,0x20,0x20,0x20,
  0x20,0x4c,0x61,0x62,0x65,0x6c,0x20,0x7b,0xa,0x20,0x20,0x20,0x20,0x20,0x20,0x20,
  0x20,0x20,0x20,0x20,0x20,0x69,0x64,0x3a,0x20,0x65,0x72,0x72,0x6f,0x72,0x5f,0x6c,
  0x61,0x62,0x65,0x6c,0xa,0x20,0x20,0x20,0x20,0x20,0x20,0x20,0x20,0x20,0x20,0x20,
  0x20,0x4c,0x61,0x79,0x6f,0x75,0x74,0x2e,0x66,0x69,0x6c,0x6c,0x57,0x69,0x64,0x74,
  0x68,0x3a,0x20,0x74,0x72,0x75,0x65,0xa,0x20,0x20,0x20,0x20,0x20,0x20,0x20,0x20,
  0x20,0x20,0x20,0x20,0x63,0x6f,0x6c,0x6f,0x72,0x3a,0x20,0x22,0x23,0x46,0x34,0x34,
  0x33,0x33,0x36,0x22,0xa,0x20,0x20,0x20,0x20,0x20,0x20,0x20,0x20,0x20,0x20,0x20,
  0x20,0x77,0x72,0x61,0x70,0x4d,0x6f,0x64,0x65,0x3a,0x20,0x54,0x65,0x78,0x74,0x2e,
  0x57,0x6f,0x72,0x64,0x57,0x72,0x61,0x70,0xa,0x20,0x20,0x20,0x20,0x20,0x20,0x20,
  0x20,0x20,0x20,0x20,0x20,0x68,0x6f,0x72,0x69,0x7a,0x6f,0x6e,0x74,0x61,0x6c,0x41,
  0x6c,0x69,0x67,0x6e,0x6d,0x65,0x6e,0x74,0x3a,0x20,0x54,0x65,0x78,0x74,0x2e,0x41,
  0x6c,0x69,0x67,0x6e,0x48,0x43,0x65,0x6e,0x74,0x65,0x72,0xa,0x20,0x20,0x20,0x20,
  0x20,0x20,0x20,0x20,0x7d,0xa,0x20,0x20,0x20,0x20,0x7d,0xa,0x7d,0xa,
    // LoginPage.qml
  0x0,0x0,0x9,0x15,
  0x2f,
  0x2f,0x20,0x3d,0x3d,0x3d,0x3d,0x3d,0x3d,0x3d,0x3d,0x3d,0x3d,0x3d,0x3d,0x3d,0x3d,
  0x3d,0x3d,0x3d,0x3d,0x3d,0x3d,0x3d,0x3d,0x3d,0x3d,0x3d,0x3d,0x3d,0x3d,0x3d,0x3d,
  0x3d,0x3d,0x3d,0x3d,0x3d,0x3d,0x3d,0x3d,0x3d,0x3d,0x3d,0x3d,0x3d,0x3d,0x3d,0x3d,
  0x3d,0x3d,0x3d,0x3d,0x3d,0x3d,0x3d,0xa,0x2f,0x2f,0x20,0x4c,0x6f,0x67,0x69,0x6e,
  0x50,0x61,0x67,0x65,0x20,0xe2,0x80,0x94,0x20,0xeb,0xa1,0x9c,0xea,0xb7,0xb8,0xec,
  0x9d,0xb8,0x20,0xed,0x99,0x94,0xeb,0xa9,0xb4,0x20,0x28,0xeb,0xaa,0xa8,0xeb,0x93,
  0x88,0x20,0x36,0x29,0xa,0x2f,0x2f,0x20,0x3d,0x3d,0x3d,0x3d,0x3d,0x3d,0x3d,0x3d,
  0x3d,0x3d,0x3d,0x3d,0x3d,0x3d,0x3d,0x3d,0x3d,0x3d,0x3d,0x3d,0x3d,0x3d,0x3d,0x3d,
  0x3d,0x3d,0x3d,0x3d,0x3d,0x3d,0x3d,0x3d,0x3d,0x3d,0x3d,0x3d,0x3d,0x3d,0x3d,0x3d,
  0x3d,0x3d,0x3d,0x3d,0x3d,0x3d,0x3d,0x3d,0x3d,0x3d,0x3d,0x3d,0x3d,0xa,0x2f,0x2f,
  0x20,0x61,0x75,0x74,0x68,0x5f,0x63,0x6f,0x6e,0x74,0x72,0x6f,0x6c,0x6c,0x65,0x72,
  0x2e,0x6c,0x6f,0x67,0x69,0x6e,0x28,0x65,0x6d,0x61,0x69,0x6c,0x2c,0x20,0x70,0x61,
  0x73,0x73,0x77,0x6f,0x72,0x64,0x29,0x20,0xed,0x98,0xb8,0xec,0xb6,0x9c,0xeb,0xa7,
  0x8c,0x2e,0xa,0x2f,0x2f,0x20,0xea,0xb2,0xb0,0xea,0xb3,0xbc,0xeb,0x8a,0x94,0x20,
  0x43,0x6f,0x6e,0x6e,0x65,0x63,0x74,0x69,0x6f,0x6e,0x73,0xeb,0xa1,0x9c,0x20,0xec,
  0x88,0x98,0xec,0x8b,0xa0,0x20,0x28,0x4d,0x61,0x69,0x6e,0x2e,0x71,0x6d,0x6c,0x20,
  0xec,0x9d,0x98,0x20,0x6f,0x6e,0x4c,0x6f,0x67,0x69,0x6e,0x5f,0x73,0x75,0x63,0x63,
  0x65,0x65,0x64,0x65,0x64,0x20,0xea,0xb0,0x80,0x20,0xed,0x8e,0x98,0xec,0x9d,0xb4,
  0xec,0xa7,0x80,0x20,0xec,0xa0,0x84,0xed,0x99,0x98,0x20,0xec,0xb2,0x98,0xeb,0xa6,
  0xac,0x29,0x2e,0xa,0x2f,0x2f,0x20,0x3d,0x3d,0x3d,0x3d,0x3d,0x3d,0x3d,0x3d,0x3d,
  0x3d,0x3d,0x3d,0x3d,0x3d,0x3d,0x3d,0x3d,0x3d,0x3d,0x3d,0x3d,0x3d,0x3d,0x3d,0x3d,
  0x3d,0x3d,0x3d,0x3d,0x3d,0x3d,0x3d,0x3d,0x3d,0x3d,0x3d,0x3d,0x3d,0x3d,0x3d,0x3d,
  0x3d,0x3d,0x3d,0x3d,0x3d,0x3d,0x3d,0x3d,0x3d,0x3d,0x3d,0x3d,0xa,0x69,0x6d,0x70,
  0x6f,0x72,0x74,0x20,0x51,0x74,0x51,0x75,0x69,0x63,0x6b,0xa,0x69,0x6d,0x70,0x6f,
  0x72,0x74,0x20,0x51,0x74,0x51,0x75,0x69,0x63,0x6b,0x2e,0x43,0x6f,0x6e,0x74,0x72,
  0x6f,0x6c,0x73,0xa,0x69,0x6d,0x70,0x6f,0x72,0x74,0x20,0x51,0x74,0x51,0x75,0x69,
  0x63,0x6b,0x2e,0x43,0x6f,0x6e,0x74,0x72,0x6f,0x6c,0x73,0x2e,0x4d,0x61,0x74,0x65,
  0x72,0x69,0x61,0x6c,0xa,0x69,0x6d,0x70,0x6f,0x72,0x74,0x20,0x51,0x74,0x51,0x75,
  0x69,0x63,0x6b,0x2e,0x4c,0x61,0x79,0x6f,0x75,0x74,0x73,0xa,0x69,0x6d,0x70,0x6f,
  0x72,0x74,0x20,0x22,0x2e,0x2e,0x2f,0x43,0x6f,0x6d,0x70,0x6f,0x6e,0x65,0x6e,0x74,
  0x73,0x22,0xa,0xa,0x50,0x61,0x67,0x65,0x20,0x7b,0xa,0x20,0x20,0x20,0x20,0x69,
  0x64,0x3a,0x20,0x6c,0x6f,0x67,0x69,0x6e,0x5f,0x70,0x61,0x67,0x65,0xa,0xa,0x20,
  0x20,0x20,0x20,0x43,0x6f,0x6e,0x6e,0x65,0x63,0x74,0x69,0x6f,0x6e,0x73,0x20,0x7b,
  0xa,0x20,0x20,0x20,0x20,0x20,0x20,0x20,0x20,0x74,0x61,0x72,0x67,0x65,0x74,0x3a,
  0x20,0x61,0x75,0x74,0x68,0x5f,0x63,0x6f,0x6e,0x74,0x72,0x6f,0x6c,0x6c,0x65,0x72,
  0xa,0x20,0x20,0x20,0x20,0x20,0x20,0x20,0x20,0x66,0x75,0x6e,0x63,0x74,0x69,0x6f,
  0x6e,0x20,0x6f,0x6e,0x4c,0x6f,0x67,0x69,0x6e,0x5f,0x66,0x61,0x69,0x6c,0x65,0x64,
  0x28,0x65,0x72,0x72,0x6f,0x72,0x5f,0x63,0x6f,0x64,0x65,0x29,0x20,0x7b,0xa,0x20,
  0x20,0x20,0x20,0x20,0x20,0x20,0x20,0x20,0x20,0x20,0x20,0x65,0x72,0x72,0x6f,0x72,
  0x5f,0x6c,0x61,0x62,0x65,0x6c,0x2e,0x74,0x65,0x78,0x74,0x20,0x3d,0x20,0x65,0x72,
  0x72,0x6f,0x72,0x5f,0x63,0x6f,0x64,0x65,0xa,0x20,0x20,0x20,0x20,0x20,0x20,0x20,
  0x20,0x7d,0xa,0x20,0x20,0x20,0x20,0x7d,0xa,0xa,0x20,0x20,0x20,0x20,0x43,0x6f,
  0x6c,0x75,0x6d,0x6e,0x4c,0x61,0x79,0x6f,0x75,0x74,0x20,0x7b,0xa,0x20,0x20,0x20,
  0x20,0x20,0x20,0x20,0x20,0x61,0x6e,0x63,0x68,0x6f,0x72,0x73,0x2e,0x63,0x65,0x6e,
  0x74,0x65,0x72,0x49,0x6e,0x3a,0x20,0x70,0x61,0x72,0x65,0x6e,0x74,0xa,0x20,0x20,
  0x20,0x20,0x20,0x20,0x20,0x20,0x77,0x69,0x64,0x74,0x68,0x3a,0x20,0x34,0x30,0x30,
  0xa,0x20,0x20,0x20,0x20,0x20,0x20,0x20,0x20,0x73,0x70,0x61,0x63,0x69,0x6e,0x67,
  0x3a,0x20,0x31,0x36,0xa,0xa,0x20,0x20,0x20,0x20,0x20,0x20,0x20,0x20,0x4c,0x61,
  0x62,0x65,0x6c,0x20,0x7b,0xa,0x20,0x20,0x20,0x20,0x20,0x20,0x20,0x20,0x20,0x20,
  0x20,0x20,0x74,0x65,0x78,0x74,0x3a,0x20,0x71,0x73,0x54,0x72,0x28,0x22,0xeb,0xa9,
  0x94,0xeb,0x94,0x94,0xeb,0xb8,0x8c,0xeb,0xa6,0xbf,0xec,0xa7,0x80,0x20,0xeb,0xa1,
  0x9c,0xea,0xb7,0xb8,0xec,0x9d,0xb8,0x22,0x29,0xa,0x20,0x20,0x20,0x20,0x20,0x20,
  0x20,0x20,0x20,0x20,0x20,0x20,0x66,0x6f,0x6e,0x74,0x2e,0x70,0x69,0x78,0x65,0x6c,
  0x53,0x69,0x7a,0x65,0x3a,0x20,0x32,0x38,0xa,0x20,0x20,0x20,0x20,0x20,0x20,0x20,
  0x20,0x20,0x20,0x20,0x20,0x66,0x6f,0x6e,0x74,0x2e,0x62,0x6f,0x6c,0x64,0x3a,0x20,
  0x74,0x72,0x75,0x65,0xa,0x20,0x20,0x20,0x20,0x20,0x20,0x20,0x20,0x20,0x20,0x20,
  0x20,0x4c,0x61,0x79,0x6f,0x75,0x74,0x2e,0x61,0x6c,0x69,0x67,0x6e,0x6d,0x65,0x6e,
  0x74,0x3a,0x20,0x51,0x74,0x2e,0x41,0x6c,0x69,0x67,0x6e,0x48,0x43,0x65,0x6e,0x74,
  0x65,0x72,0xa,0x20,0x20,0x20,0x20,0x20,0x20,0x20,0x20,0x7d,0xa,0xa,0x20,0x20,
  0x20,0x20,0x20,0x20,0x20,0x20,0x54,0x65,0x78,0x74,0x46,0x69,0x65,0x6c,0x64,0x20,
  0x7b,0xa,0x20,0x20,0x20,0x20,0x20,0x20,0x20,0x20,0x20,0x20,0x20,0x20,0x69,0x64,
  0x3a,0x20,0x65,0x6d,0x61,0x69,0x6c,0x5f,0x66,0x69,0x65,0x6c,0x64,0xa,0x20,0x20,
  0x20,0x20,0x20,0x20,0x20,0x20,0x20,0x20,0x20,0x20,0x4c,0x61,0x79,0x6f,0x75,0x74,
  0x2e,0x66,0x69,0x6c,0x6c,0x57,0x69,0x64,0x74,0x68,0x3a,0x20,0x74,0x72,0x75,0x65,
  0xa,0x20,0x20,0x20,0x20,0x20,0x20,0x20,0x20,0x20,0x20,0x20,0x20,0x70,0x6c,0x61,
  0x63,0x65,0x68,0x6f,0x6c,0x64,0x65,0x72,0x54,0x65,0x78,0x74,0x3a,0x20,0x71,0x73,
  0x54,0x72,0x28,0x22,0xec,0x9d,0xb4,0xeb,0xa9,0x94,0xec,0x9d,0xbc,0x22,0x29,0xa,
  0x20,0x20,0x20,0x20,0x20,0x20,0x20,0x20,0x20,0x20,0x20,0x20,0x66,0x6f,0x6e,0x74,
  0x2e,0x70,0x69,0x78,0x65,0x6c,0x53,0x69,0x7a,0x65,0x3a,0x20,0x31,0x38,0xa,0x20,
  0x20,0x20,0x20,0x20,0x20,0x20,0x20,0x20,0x20,0x20,0x20,0x69,0x6e,0x70,0x75,0x74,
  0x4d,0x65,0x74,0x68,0x6f,0x64,0x48,0x69,0x6e,0x74,0x73,0x3a,0x20,0x51,0x74,0x2e,
  0x49,0x6d,0x68,0x45,0x6d,0x61,0x69,0x6c,0x43,0x68,0x61,0x72,0x61,0x63,0x74,0x65,
  0x72,0x73,0x4f,0x6e,0x6c,0x79,0xa,0x20,0x20,0x20,0x20,0x20,0x20,0x20,0x20,0x7d,
  0xa,0xa,0x20,0x20,0x20,0x20,0x20,0x20,0x20,0x20,0x54,0x65,0x78,0x74,0x46,0x69,
  0x65,0x6c,0x64,0x20,0x7b,0xa,0x20,0x20,0x20,0x20,0x20,0x20,0x20,0x20,0x20,0x20,
  0x20,0x20,0x69,0x64,0x3a,0x20,0x70,0x77,0x5f,0x66,0x69,0x65,0x6c,0x64,0xa,0x20,
  0x20,0x20,0x20,0x20,0x20,0x20,0x20,0x20,0x20,0x20,0x20,0x4c,0x61,0x79,0x6f,0x75,
  0x74,0x2e,0x66,0x69,0x6c,0x6c,0x57,0x69,0x64,0x74,0x68,0x3a,0x20,0x74,0x72,0x75,
  0x65,0xa,0x20,0x20,0x20,0x20,0x20,0x20,0x20,0x20,0x20,0x20,0x20,0x20,0x70,0x6c,
  0x61,0x63,0x65,0x68,0x6f,0x6c,0x64,0x65,0x72,0x54,0x65,0x78,0x74,0x3a,0x20,0x71,
  0x73,0x54,0x72,0x28,0x22,0xeb,0xb9,0x84,0xeb,0xb0,0x80,0xeb,0xb2,0x88,0xed,0x98,
  0xb8,0x22,0x29,0xa,0x20,0x20,0x20,0x20,0x20,0x20,0x20,0x20,0x20,0x20,0x20,0x20,
  0x65,0x63,0x68,0x6f,0x4d,0x6f,0x64,0x65,0x3a,0x20,0x54,0x65,0x78,0x74,0x49,0x6e,
  0x70,0x75,0x74,0x2e,0x50,0x61,0x73,0x73,0x77,0x6f,0x72,0x64,0xa,0x20,0x20,0x20,
  0x20,0x20,0x20,0x20,0x20,0x20,0x20,0x20,0x20,0x66,0x6f,0x6e,0x74,0x2e,0x70,0x69,
  0x78,0x65,0x6c,0x53,0x69,0x7a,0x65,0x3a,0x20,0x31,0x38,0xa,0x20,0x20,0x20,0x20,
  0x20,0x20,0x20,0x20,0x7d,0xa,0xa,0x20,0x20,0x20,0x20,0x20,0x20,0x20,0x20,0x41,
  0x70,0x70,0x42,0x75,0x74,0x74,0x6f,0x6e,0x20,0x7b,0xa,0x20,0x20,0x20,0x20,0x20,
  0x20,0x20,0x20,0x20,0x20,0x20,0x20,0x4c,0x61,0x79,0x6f,0x75,0x74,0x2e,0x66,0x69,
  0x6c,0x6c,0x57,0x69,0x64,0x74,0x68,0x3a,0x20,0x74,0x72,0x75,0x65,0xa,0x20,0x20,
  0x20,0x20,0x20,0x20,0x20,0x20,0x20,0x20,0x20,0x20,0x74,0x65,0x78,0x74,0x3a,0x20,
  0x71,0x73,0x54,0x72,0x28,0x22,0xeb,0xa1,0x9c,0xea,0xb7,0xb8,0xec,0x9d,0xb8,0x22,
  0x29,0xa,0x20,0x20,0x20,0x20,0x20,0x20,0x20,0x20,0x20,0x20,0x20,0x20,0x65,0x6e,
  0x61,0x62,0x6c,0x65,0x64,0x3a,0x20,0x21,0x61,0x75,0x74,0x68,0x5f,0x63,0x6f,0x6e,
  0x74,0x72,0x6f,0x6c,0x6c,0x65,0x72,0x2e,0x69,0x73,0x5f,0x6c,0x6f,0x61,0x64,0x69,
  0x6e,0x67,0x20,0x26,0x26,0xa,0x20,0x20,0x20,0x20,0x20,0x20,0x20,0x20,0x20,0x20,
  0x20,0x20,0x20,0x20,0x20,0x20,0x20,0x20,0x20,0x20,0x20,0x65,0x6d,0x61,0x69,0x6c,
  0x5f,0x66,0x69,0x65,0x6c,0x64,0x2e,0x74,0x65,0x78,0x74,0x2e,0x6c,0x65,0x6e,0x67,
  0x74,0x68,0x20,0x3e,0x20,0x30,0x20,0x26,0x26,0xa,0x20,0x20,0x20,0x20,0x20,0x20,
  0x20,0x20,0x20,0x20,0x20,0x20,0x20,0x20,0x20,0x20,0x20,0x20,0x20,0x20,0x20,0x70,
  0x77,0x5f,0x66,0x69,0x65,0x6c,0x64,0x2e,0x74,0x65,0x78,0x74,0x2e,0x6c,0x65,0x6e,
  0x67,0x74,0x68,0x20,0x3e,0x20,0x30,0xa,0x20,0x20,0x20,0x20,0x20,0x20,0x20,0x20,
  0x20,0x20,0x20,0x20,0x6f,0x6e,0x43,0x6c,0x69,0x63,0x6b,0x65,0x64,0x3a,0x20,0x61,
  0x75,0x74,0x68,0x5f,0x63,0x6f,0x6e,0x74,0x72,0x6f,0x6c,0x6c,0x65,0x72,0x2e,0x6c,
  0x6f,0x67,0x69,0x6e,0x28,0x65,0x6d,0x61,0x69,0x6c,0x5f,0x66,0x69,0x65,0x6c,0x64,
  0x2e,0x74,0x65,0x78,0x74,0x2c,0x20,0x70,0x77,0x5f,0x66,0x69,0x65,0x6c,0x64,0x2e,
  0x74,0x65,0x78,0x74,0x29,0xa,0x20,0x20,0x20,0x20,0x20,0x20,0x20,0x20,0x7d,0xa,
  0xa,0x20,0x20,0x20,0x20,0x20,0x20,0x20,0x20,0x41,0x70,0x70,0x42,0x75,0x74,0x74,
  0x6f,0x6e,0x20,0x7b,0xa,0x20,0x20,0x20,0x20,0x20,0x20,0x20,0x20,0x20,0x20,0x20,
  0x20,0x4c,0x61,0x79,0x6f,0x75,0x74,0x2e,0x66,0x69,0x6c,0x6c,0x57,0x69,0x64,0x74,
  0x68,0x3a,0x20,0x74,0x72,0x75,0x65,0xa,0x20,0x20,0x20,0x20,0x20,0x20,0x20,0x20,
  0x20,0x20,0x20,0x20,0x76,0x61,0x72,0x69,0x61,0x6e,0x74,0x3a,0x20,0x22,0x73,0x65,
  0x63,0x6f,0x6e,0x64,0x61,0x72,0x79,0x22,0xa,0x20,0x20,0x20,0x20,0x20,0x20,0x20,
  0x20,0x20,0x20,0x20,0x20,0x74,0x65,0x78,0x74,0x3a,0x20,0x71,0x73,0x54,0x72,0x28,
  0x22,0xed,0x9a,0x8c,0xec,0x9b,0x90,0xea,0xb0,0x80,0xec,0x9e,0x85,0x22,0x29,0xa,
  0x20,0x20,0x20,0x20,0x20,0x20,0x20,0x20,0x20,0x20,0x20,0x20,0x6f,0x6e,0x43,0x6c,
  0x69,0x63,0x6b,0x65,0x64,0x3a,0x20,0x73,0x74,0x61,0x63,0x6b,0x2e,0x70,0x75,0x73,
  0x68,0x28,0x22,0x53,0x69,0x67,0x6e,0x75,0x70,0x50,0x61,0x67,0x65,0x2e,0x71,0x6d,
  0x6c,0x22,0x29,0xa,0x20,0x20,0x20,0x20,0x20,0x20,0x20,0x20,0x7d,0xa,0xa,0x20,
  0x20,0x20,0x20,0x20,0x20,0x20,0x20,0x4c,0x61,0x62,0x65,0x6c,0x20,0x7b,0xa,0x20,
  0x20,0x20,0x20,0x20,0x20,0x20,0x20,0x20,0x20,0x20,0x20,0x69,0x64,0x3a,0x20,0x65,
  0x72,0x72,0x6f,0x72,0x5f,0x6c,0x61,0x62,0x65,0x6c,0xa,0x20,0x20,0x20,0x20,0x20,
  0x20,0x20,0x20,0x20,0x20,0x20,0x20,0x4c,0x61,0x79,0x6f,0x75,0x74,0x2e,0x66,0x69,
  0x6c,0x6c,0x57,0x69,0x64,0x74,0x68,0x3a,0x20,0x74,0x72,0x75,0x65,0xa,0x20,0x20,
  0x20,0x20,0x20,0x20,0x20,0x20,0x20,0x20,0x20,0x20,0x63,0x6f,0x6c,0x6f,0x72,0x3a,
  0x20,0x22,0x23,0x46,0x34,0x34,0x33,0x33,0x36,0x22,0xa,0x20,0x20,0x20,0x20,0x20,
  0x20,0x20,0x20,0x20,0x20,0x20,0x20,0x66,0x6f,0x6e,0x74,0x2e,0x70,0x69,0x78,0x65,
  0x6c,0x53,0x69,0x7a,0x65,0x3a,0x20,0x31,0x34,0xa,0x20,0x20,0x20,0x20,0x20,0x20,
  0x20,0x20,0x20,0x20,0x20,0x20,0x77,0x72,0x61,0x70,0x4d,0x6f,0x64,0x65,0x3a,0x20,
  0x54,0x65,0x78,0x74,0x2e,0x57,0x6f,0x72,0x64,0x57,0x72,0x61,0x70,0xa,0x20,0x20,
  0x20,0x20,0x20,0x20,0x20,0x20,0x20,0x20,0x20,0x20,0x68,0x6f,0x72,0x69,0x7a,0x6f,
  0x6e,0x74,0x61,0x6c,0x41,0x6c,0x69,0x67,0x6e,0x6d,0x65,0x6e,0x74,0x3a,0x20,0x54,
  0x65,0x78,0x74,0x2e,0x41,0x6c,0x69,0x67,0x6e,0x48,0x43,0x65,0x6e,0x74,0x65,0x72,
  0xa,0x20,0x20,0x20,0x20,0x20,0x20,0x20,0x20,0x7d,0xa,0xa,0x20,0x20,0x20,0x20,
  0x20,0x20,0x20,0x20,0x42,0x75,0x73,0x79,0x49,0x6e,0x64,0x69,0x63,0x61,0x74,0x6f,
  0x72,0x20,0x7b,0xa,0x20,0x20,0x20,0x20,0x20,0x20,0x20,0x20,0x20,0x20,0x20,0x20,
  0x4c,0x61,0x79,0x6f,0x75,0x74,0x2e,0x61,0x6c,0x69,0x67,0x6e,0x6d,0x65,0x6e,0x74,
  0x3a,0x20,0x51,0x74,0x2e,0x41,0x6c,0x69,0x67,0x6e,0x48,0x43,0x65,0x6e,0x74,0x65,
  0x72,0xa,0x20,0x20,0x20,0x20,0x20,0x20,0x20,0x20,0x20,0x20,0x20,0x20,0x72,0x75,
  0x6e,0x6e,0x69,0x6e,0x67,0x3a,0x20,0x61,0x75,0x74,0x68,0x5f,0x63,0x6f,0x6e,0x74,
  0x72,0x6f,0x6c,0x6c,0x65,0x72,0x2e,0x69,0x73,0x5f,0x6c,0x6f,0x61,0x64,0x69,0x6e,
  0x67,0xa,0x20,0x20,0x20,0x20,0x20,0x20,0x20,0x20,0x20,0x20,0x20,0x20,0x76,0x69,
  0x73,0x69,0x62,0x6c,0x65,0x3a,0x20,0x61,0x75,0x74,0x68,0x5f,0x63,0x6f,0x6e,0x74,
  0x72,0x6f,0x6c,0x6c,0x65,0x72,0x2e,0x69,0x73,0x5f,0x6c,0x6f,0x61,0x64,0x69,0x6e,
  0x67,0xa,0x20,0x20,0x20,0x20,0x20,0x20,0x20,0x20,0x7d,0xa,0x20,0x20,0x20,0x20,
  0x7d,0xa,0x7d,0xa,
    // AppButton.qml
  0x0,0x0,0x3,0x1a,
  0x2f,
  0x2f,0x20,0x3d,0x3d,0x3d,0x3d,0x3d,0x3d,0x3d,0x3d,0x3d,0x3d,0x3d,0x3d,0x3d,0x3d,
  0x3d,0x3d,0x3d,0x3d,0x3d,0x3d,0x3d,0x3d,0x3d,0x3d,0x3d,0x3d,0x3d,0x3d,0x3d,0x3d,
  0x3d,0x3d,0x3d,0x3d,0x3d,0x3d,0x3d,0x3d,0x3d,0x3d,0x3d,0x3d,0x3d,0x3d,0x3d,0x3d,
  0x3d,0x3d,0x3d,0x3d,0x3d,0x3d,0x3d,0xa,0x2f,0x2f,0x20,0x41,0x70,0x70,0x42,0x75,
  0x74,0x74,0x6f,0x6e,0x20,0xe2,0x80,0x94,0x20,0xeb,0x85,0xb8,0xec,0x9d,0xb8,0xec,
  0xb8,0xb5,0x20,0xec,0xb9,0x9c,0xed,0x99,0x94,0x20,0xed,0x81,0xb0,0x20,0xeb,0xb2,
  0x84,0xed,0x8a,0xbc,0x20,0x28,0xec,0x9e,0xac,0xec,0x82,0xac,0xec,0x9a,0xa9,0x29,
  0xa,0x2f,0x2f,0x20,0x3d,0x3d,0x3d,0x3d,0x3d,0x3d,0x3d,0x3d,0x3d,0x3d,0x3d,0x3d,
  0x3d,0x3d,0x3d,0x3d,0x3d,0x3d,0x3d,0x3d,0x3d,0x3d,0x3d,0x3d,0x3d,0x3d,0x3d,0x3d,
  0x3d,0x3d,0x3d,0x3d,0x3d,0x3d,0x3d,0x3d,0x3d,0x3d,0x3d,0x3d,0x3d,0x3d,0x3d,0x3d,
  0x3d,0x3d,0x3d,0x3d,0x3d,0x3d,0x3d,0x3d,0x3d,0xa,0x69,0x6d,0x70,0x6f,0x72,0x74,
  0x20,0x51,0x74,0x51,0x75,0x69,0x63,0x6b,0xa,0x69,0x6d,0x70,0x6f,0x72,0x74,0x20,
  0x51,0x74,0x51,0x75,0x69,0x63,0x6b,0x2e,0x43,0x6f,0x6e,0x74,0x72,0x6f,0x6c,0x73,
  0xa,0x69,0x6d,0x70,0x6f,0x72,0x74,0x20,0x51,0x74,0x51,0x75,0x69,0x63,0x6b,0x2e,
  0x43,0x6f,0x6e,0x74,0x72,0x6f,0x6c,0x73,0x2e,0x4d,0x61,0x74,0x65,0x72,0x69,0x61,
  0x6c,0xa,0xa,0x42,0x75,0x74,0x74,0x6f,0x6e,0x20,0x7b,0xa,0x20,0x20,0x20,0x20,
  0x69,0x64,0x3a,0x20,0x61,0x70,0x70,0x5f,0x62,0x75,0x74,0x74,0x6f,0x6e,0xa,0xa,
  0x20,0x20,0x20,0x20,0x2f,0x2f,0x20,0xec,0x82,0xac,0xec,0x9a,0xa9,0xec,0x9e,0x90,
  0x20,0xec,0xa0,0x95,0xec,0x9d,0x98,0x20,0xec,0x86,0x8d,0xec,0x84,0xb1,0xa,0x20,
  0x20,0x20,0x20,0x70,0x72,0x6f,0x70,0x65,0x72,0x74,0x79,0x20,0x73,0x74,0x72,0x69,
  0x6e,0x67,0x20,0x76,0x61,0x72,0x69,0x61,0x6e,0x74,0x3a,0x20,0x22,0x70,0x72,0x69,
  0x6d,0x61,0x72,0x79,0x22,0x20,0x20,0x20,0x20,0x20,0x2f,0x2f,0x20,0x22,0x70,0x72,
  0x69,0x6d,0x61,0x72,0x79,0x22,0x20,0x2f,0x20,0x22,0x73,0x65,0x63,0x6f,0x6e,0x64,
  0x61,0x72,0x79,0x22,0x20,0x2f,0x20,0x22,0x64,0x61,0x6e,0x67,0x65,0x72,0x22,0xa,
  0xa,0x20,0x20,0x20,0x20,0x66,0x6f,0x6e,0x74,0x2e,0x70,0x69,0x78,0x65,0x6c,0x53,
  0x69,0x7a,0x65,0x3a,0x20,0x32,0x30,0xa,0x20,0x20,0x20,0x20,0x66,0x6f,0x6e,0x74,
  0x2e,0x62,0x6f,0x6c,0x64,0x3a,0x20,0x74,0x72,0x75,0x65,0xa,0x20,0x20,0x20,0x20,
  0x68,0x65,0x69,0x67,0x68,0x74,0x3a,0x20,0x35,0x36,0xa,0x20,0x20,0x20,0x20,0x6c,
  0x65,0x66,0x74,0x50,0x61,0x64,0x64,0x69,0x6e,0x67,0x3a,0x20,0x32,0x34,0xa,0x20,
  0x20,0x20,0x20,0x72,0x69,0x67,0x68,0x74,0x50,0x61,0x64,0x64,0x69,0x6e,0x67,0x3a,
  0x20,0x32,0x34,0xa,0xa,0x20,0x20,0x20,0x20,0x4d,0x61,0x74,0x65,0x72,0x69,0x61,
  0x6c,0x2e,0x62,0x61,0x63,0x6b,0x67,0x72,0x6f,0x75,0x6e,0x64,0x3a,0x20,0x7b,0xa,
  0x20,0x20,0x20,0x20,0x20,0x20,0x20,0x20,0x73,0x77,0x69,0x74,0x63,0x68,0x20,0x28,
  0x76,0x61,0x72,0x69,0x61,0x6e,0x74,0x29,0x20,0x7b,0xa,0x20,0x20,0x20,0x20,0x20,
  0x20,0x20,0x20,0x20,0x20,0x20,0x20,0x63,0x61,0x73,0x65,0x20,0x22,0x70,0x72,0x69,
  0x6d,0x61,0x72,0x79,0x22,0x3a,0x20,0x20,0x20,0x72,0x65,0x74,0x75,0x72,0x6e,0x20,
  0x4d,0x61,0x74,0x65,0x72,0x69,0x61,0x6c,0x2e,0x42,0x6c,0x75,0x65,0xa,0x20,0x20,
  0x20,0x20,0x20,0x20,0x20,0x20,0x20,0x20,0x20,0x20,0x63,0x61,0x73,0x65,0x20,0x22,
  0x73,0x65,0x63,0x6f,0x6e,0x64,0x61,0x72,0x79,0x22,0x3a,0x20,0x72,0x65,0x74,0x75,
  0x72,0x6e,0x20,0x4d,0x61,0x74,0x65,0x72,0x69,0x61,0x6c,0x2e,0x47,0x72,0x65,0x79,
  0xa,0x20,0x20,0x20,0x20,0x20,0x20,0x20,0x20,0x20,0x20,0x20,0x20,0x63,0x61,0x73,
  0x65,0x20,0x22,0x64,0x61,0x6e,0x67,0x65,0x72,0x22,0x3a,0x20,0x20,0x20,0x20,0x72,
  0x65,0x74,0x75,0x72,0x6e,0x20,0x4d,0x61,0x74,0x65,0x72,0x69,0x61,0x6c,0x2e,0x52,
  0x65,0x64,0xa,0x20,0x20,0x20,0x20,0x20,0x20,0x20,0x20,0x20,0x20,0x20,0x20,0x64,
  0x65,0x66,0x61,0x75,0x6c,0x74,0x3a,0x20,0x20,0x20,0x20,0x20,0x20,0x20,0x20,0x20,
  0x20,0x72,0x65,0x74,0x75,0x72,0x6e,0x20,0x4d,0x61,0x74,0x65,0x72,0x69,0x61,0x6c,
  0x2e,0x42,0x6c,0x75,0x65,0xa,0x20,0x20,0x20,0x20,0x20,0x20,0x20,0x20,0x7d,0xa,
  0x20,0x20,0x20,0x20,0x7d,0xa,0x20,0x20,0x20,0x20,0x4d,0x61,0x74,0x65,0x72,0x69,
  0x61,0x6c,0x2e,0x66,0x6f,0x72,0x65,0x67,0x72,0x6f,0x75,0x6e,0x64,0x3a,0x20,0x22,
  0x77,0x68,0x69,0x74,0x65,0x22,0xa,0x7d,0xa,
    // DurAlertCard.qml
  0x0,0x0,0x8,0x18,
  0x2f,
  0x2f,0x20,0x3d,0x3d,0x3d,0x3d,0x3d,0x3d,0x3d,0x3d,0x3d,0x3d,0x3d,0x3d,0x3d,0x3d,
  0x3d,0x3d,0x3d,0x3d,0x3d,0x3d,0x3d,0x3d,0x3d,0x3d,0x3d,0x3d,0x3d,0x3d,0x3d,0x3d,
  0x3d,0x3d,0x3d,0x3d,0x3d,0x3d,0x3d,0x3d,0x3d,0x3d,0x3d,0x3d,0x3d,0x3d,0x3d,0x3d,
  0x3d,0x3d,0x3d,0x3d,0x3d,0x3d,0x3d,0xa,0x2f,0x2f,0x20,0x44,0x75,0x72,0x41,0x6c,
  0x65,0x72,0x74,0x43,0x61,0x72,0x64,0x20,0xe2,0x80,0x94,0x20,0x44,0x55,0x52,0x20,
  0xec,0x9c,0x84,0xed,0x97,0x98,0x20,0xec,0x95,0x88,0xeb,0x82,0xb4,0x20,0xec,0xb9,
  0xb4,0xeb,0x93,0x9c,0xa,0x2f,0x2f,0x20,0x3d,0x3d,0x3d,0x3d,0x3d,0x3d,0x3d,0x3d,
  0x3d,0x3d,0x3d,0x3d,0x3d,0x3d,0x3d,0x3d,0x3d,0x3d,0x3d,0x3d,0x3d,0x3d,0x3d,0x3d,
  0x3d,0x3d,0x3d,0x3d,0x3d,0x3d,0x3d,0x3d,0x3d,0x3d,0x3d,0x3d,0x3d,0x3d,0x3d,0x3d,
  0x3d,0x3d,0x3d,0x3d,0x3d,0x3d,0x3d,0x3d,0x3d,0x3d,0x3d,0x3d,0x3d,0xa,0x2f,0x2f,
  0x20,0xe2,0x9a,0xa0,0x20,0xeb,0xb3,0xb8,0x20,0xec,0xbb,0xb4,0xed,0x8f,0xac,0xeb,
  0x84,0x8c,0xed,0x8a,0xb8,0xeb,0x8a,0x94,0x20,0xeb,0xb0,0xb1,0xec,0x97,0x94,0xeb,
  0x93,0x9c,0xea,0xb0,0x80,0x20,0xeb,0xa7,0x8c,0xeb,0x93,0xa0,0x20,0xed,0x85,0x8d,
  0xec,0x8a,0xa4,0xed,0x8a,0xb8,0xeb,0xa5,0xbc,0x20,0xea,0xb7,0xb8,0xeb,0x8c,0x80,
  0xeb,0xa1,0x9c,0x20,0xed,0x91,0x9c,0xec,0x8b,0x9c,0xeb,0xa7,0x8c,0x20,0xed,0x95,
  0x9c,0xeb,0x8b,0xa4,0x2e,0xa,0x2f,0x2f,0x20,0xeb,0x8b,0xa8,0xec,0xa0,0x95,0x20,
  0xed,0x91,0x9c,0xed,0x98,0x84,0x20,0xea,0xb0,0x80,0xea,0xb3,0xb5,0xc2,0xb7,0xec,
  0x9e,0xac,0xec,0x9e,0x91,0xec,0x84,0xb1,0x20,0xe2,0x9d,0x8c,0x2e,0x20,0x28,0xec,
  0x9a,0x94,0xea,0xb5,0xac,0xec,0x82,0xac,0xed,0x95,0xad,0x20,0xeb,0xb6,0x84,0xec,
  0x84,0x9d,0xec,0x84,0x9c,0x20,0xc2,0xa7,0x39,0x2e,0x33,0x29,0xa,0x2f,0x2f,0x20,
  0x3d,0x3d,0x3d,0x3d,0x3d,0x3d,0x3d,0x3d,0x3d,0x3d,0x3d,0x3d,0x3d,0x3d,0x3d,0x3d,
  0x3d,0x3d,0x3d,0x3d,0x3d,0x3d,0x3d,0x3d,0x3d,0x3d,0x3d,0x3d,0x3d,0x3d,0x3d,0x3d,
  0x3d,0x3d,0x3d,0x3d,0x3d,0x3d,0x3d,0x3d,0x3d,0x3d,0x3d,0x3d,0x3d,0x3d,0x3d,0x3d,
  0x3d,0x3d,0x3d,0x3d,0x3d,0xa,0x69,0x6d,0x70,0x6f,0x72,0x74,0x20,0x51,0x74,0x51,
  0x75,0x69,0x63,0x6b,0xa,0x69,0x6d,0x70,0x6f,0x72,0x74,0x20,0x51,0x74,0x51,0x75,
  0x69,0x63,0x6b,0x2e,0x43,0x6f,0x6e,0x74,0x72,0x6f,0x6c,0x73,0xa,0x69,0x6d,0x70,
  0x6f,0x72,0x74,0x20,0x51,0x74,0x51,0x75,0x69,0x63,0x6b,0x2e,0x43,0x6f,0x6e,0x74,
  0x72,0x6f,0x6c,0x73,0x2e,0x4d,0x61,0x74,0x65,0x72,0x69,0x61,0x6c,0xa,0x69,0x6d,
  0x70,0x6f,0x72,0x74,0x20,0x51,0x74,0x51,0x75,0x69,0x63,0x6b,0x2e,0x4c,0x61,0x79,
  0x6f,0x75,0x74,0x73,0xa,0xa,0x52,0x65,0x63,0x74,0x61,0x6e,0x67,0x6c,0x65,0x20,
  0x7b,0xa,0x20,0x20,0x20,0x20,0x69,0x64,0x3a,0x20,0x63,0x61,0x72,0x64,0xa,0xa,
  0x20,0x20,0x20,0x20,0x2f,0x2f,0x20,0xec,0x82,0xac,0xec,0x9a,0xa9,0xec,0x9e,0x90,
  0x20,0xec,0xa0,0x95,0xec,0x9d,0x98,0x20,0xec,0x86,0x8d,0xec,0x84,0xb1,0x20,0xe2,
  0x80,0x94,0x20,0xeb,0xb0,0xb1,0xec,0x97,0x94,0xeb,0x93,0x9c,0xea,0xb0,0x80,0x20,
  0xec,0xb1,0x84,0xec,0x9b,0x80,0xa,0x20,0x20,0x20,0x20,0x70,0x72,0x6f,0x70,0x65,
  0x72,0x74,0x79,0x20,0x73,0x74,0x72,0x69,0x6e,0x67,0x20,0x64,0x75,0x72,0x5f,0x74,
  0x79,0x70,0x65,0x3a,0x20,0x22,0x22,0x20,0x20,0x20,0x20,0x20,0x20,0x20,0x20,0x20,
  0x20,0x20,0x20,0x20,0x20,0x2f,0x2f,0x20,0x22,0xeb,0xb3,0x91,0xec,0x9a,0xa9,0xea,
  0xb8,0x88,0xea,0xb8,0xb0,0x22,0x20,0xeb,0x93,0xb1,0xa,0x20,0x20,0x20,0x20,0x70,
  0x72,0x6f,0x70,0x65,0x72,0x74,0x79,0x20,0x73,0x74,0x72,0x69,0x6e,0x67,0x20,0x64,
  0x72,0x75,0x67,0x5f,0x61,0x5f,0x6e,0x61,0x6d,0x65,0x3a,0x20,0x22,0x22,0xa,0x20,
  0x20,0x20,0x20,0x70,0x72,0x6f,0x70,0x65,0x72,0x74,0x79,0x20,0x73,0x74,0x72,0x69,
  0x6e,0x67,0x20,0x64,0x72,0x75,0x67,0x5f,0x62,0x5f,0x6e,0x61,0x6d,0x65,0x3a,0x20,
  0x22,0x22,0xa,0x20,0x20,0x20,0x20,0x70,0x72,0x6f,0x70,0x65,0x72,0x74,0x79,0x20,
  0x73,0x74,0x72,0x69,0x6e,0x67,0x20,0x70,0x72,0x6f,0x68,0x69,0x62,0x69,0x74,0x5f,
  0x72,0x65,0x61,0x73,0x6f,0x6e,0x3a,0x20,0x22,0x22,0x20,0x20,0x20,0x20,0x20,0x20,
  0x20,0x2f,0x2f,0x20,0xec,0x8b,0x9d,0xec,0x95,0xbd,0xec,0xb2,0x98,0x20,0xeb,0xb3,
  0xb8,0xeb,0xac,0xb8,0x20,0xea,0xb7,0xb8,0xeb,0x8c,0x80,0xeb,0xa1,0x9c,0x20,0xec,
  0x9d,0xb8,0xec,0x9a,0xa9,0xa,0x20,0x20,0x20,0x20,0x70,0x72,0x6f,0x70,0x65,0x72,
  0x74,0x79,0x20,0x73,0x74,0x72,0x69,0x6e,0x67,0x20,0x61,0x63,0x74,0x69,0x6f,0x6e,
  0x5f,0x6d,0x65,0x73,0x73,0x61,0x67,0x65,0x3a,0x20,0x22,0x22,0x20,0x20,0x20,0x20,
  0x20,0x20,0x20,0x20,0x2f,0x2f,0x20,0xec,0xa0,0x95,0xed,0x95,0xb4,0xec,0xa7,0x84,
  0x20,0xed,0x85,0x9c,0xed,0x94,0x8c,0xeb,0xa6,0xbf,0xa,0xa,0x20,0x20,0x20,0x20,
  0x77,0x69,0x64,0x74,0x68,0x3a,0x20,0x70,0x61,0x72,0x65,0x6e,0x74,0x20,0x3f,0x20,
  0x70,0x61,0x72,0x65,0x6e,0x74,0x2e,0x77,0x69,0x64,0x74,0x68,0x20,0x3a,0x20,0x36,
  0x30,0x30,0xa,0x20,0x20,0x20,0x20,0x69,0x6d,0x70,0x6c,0x69,0x63,0x69,0x74,0x48,
  0x65,0x69,0x67,0x68,0x74,0x3a,0x20,0x63,0x6f,0x6e,0x74,0x65,0x6e,0x74,0x5f,0x6c,
  0x61,0x79,0x6f,0x75,0x74,0x2e,0x69,0x6d,0x70,0x6c,0x69,0x63,0x69,0x74,0x48,0x65,
  0x69,0x67,0x68,0x74,0x20,0x2b,0x20,0x33,0x32,0xa,0x20,0x20,0x20,0x20,0x72,0x61,
  0x64,0x69,0x75,0x73,0x3a,0x20,0x38,0xa,0x20,0x20,0x20,0x20,0x63,0x6f,0x6c,0x6f,
  0x72,0x3a,0x20,0x22,0x23,0x46,0x46,0x45,0x42,0x45,0x45,0x22,0x20,0x20,0x20,0x2f,
  0x2f,0x20,0xec,0x97,0xb0,0xed,0x95,0x9c,0x20,0xeb,0xb9,0xa8,0xea,0xb0,0x95,0x20,
  0xeb,0xb0,0xb0,0xea,0xb2,0xbd,0x20,0x28,0xec,0x9c,0x84,0xed,0x97,0x98,0x20,0xec,
  0x95,0x88,0xeb,0x82,0xb4,0x29,0xa,0x20,0x20,0x20,0x20,0x62,0x6f,0x72,0x64,0x65,
  0x72,0x2e,0x63,0x6f,0x6c,0x6f,0x72,0x3a,0x20,0x22,0x23,0x46,0x34,0x34,0x33,0x33,
  0x36,0x22,0xa,0x20,0x20,0x20,0x20,0x62,0x6f,0x72,0x64,0x65,0x72,0x2e,0x77,0x69,
  0x64,0x74,0x68,0x3a,0x20,0x32,0xa,0xa,0x20,0x20,0x20,0x20,0x43,0x6f,0x6c,0x75,
  0x6d,0x6e,0x4c,0x61,0x79,0x6f,0x75,0x74,0x20,0x7b,0xa,0x20,0x20,0x20,0x20,0x20,
  0x20,0x20,0x20,0x69,0x64,0x3a,0x20,0x63,0x6f,0x6e,0x74,0x65,0x6e,0x74,0x5f,0x6c,
  0x61,0x79,0x6f,0x75,0x74,0xa,0x20,0x20,0x20,0x20,0x20,0x20,0x20,0x20,0x61,0x6e,
  0x63,0x68,0x6f,0x72,0x73,0x2e,0x66,0x69,0x6c,0x6c,0x3a,0x20,0x70,0x61,0x72,0x65,
  0x6e,0x74,0xa,0x20,0x20,0x20,0x20,0x20,0x20,0x20,0x20,0x61,0x6e,0x63,0x68,0x6f,
  0x72,0x73,0x2e,0x6d,0x61,0x72,0x67,0x69,0x6e,0x73,0x3a,0x20,0x31,0x36,0xa,0x20,
  0x20,0x20,0x20,0x20,0x20,0x20,0x20,0x73,0x70,0x61,0x63,0x69,0x6e,0x67,0x3a,0x20,
  0x38,0xa,0xa,0x20,0x20,0x20,0x20,0x20,0x20,0x20,0x20,0x2f,0x2f,0x20,0xec,0xb9,
  0xb4,0xed,0x85,0x8c,0xea,0xb3,0xa0,0xeb,0xa6,0xac,0x20,0xeb,0x9d,0xbc,0xeb,0xb2,
  0xa8,0xa,0x20,0x20,0x20,0x20,0x20,0x20,0x20,0x20,0x4c,0x61,0x62,0x65,0x6c,0x20,
  0x7b,0xa,0x20,0x20,0x20,0x20,0x20,0x20,0x20,0x20,0x20,0x20,0x20,0x20,0x74,0x65,
  0x78,0x74,0x3a,0x20,0x22,0x5b,0x22,0x20,0x2b,0x20,0x63,0x61,0x72,0x64,0x2e,0x64,
  0x75,0x72,0x5f,0x74,0x79,0x70,0x65,0x20,0x2b,0x20,0x22,0x5d,0x22,0xa,0x20,0x20,
  0x20,0x20,0x20,0x20,0x20,0x20,0x20,0x20,0x20,0x20,0x66,0x6f,0x6e,0x74,0x2e,0x70,
  0x69,0x78,0x65,0x6c,0x53,0x69,0x7a,0x65,0x3a,0x20,0x31,0x38,0xa,0x20,0x20,0x20,
  0x20,0x20,0x20,0x20,0x20,0x20,0x20,0x20,0x20,0x66,0x6f,0x6e,0x74,0x2e,0x62,0x6f,
  0x6c,0x64,0x3a,0x20,0x74,0x72,0x75,0x65,0xa,0x20,0x20,0x20,0x20,0x20,0x20,0x20,
  0x20,0x20,0x20,0x20,0x20,0x63,0x6f,0x6c,0x6f,0x72,0x3a,0x20,0x22,0x23,0x43,0x36,
  0x32,0x38,0x32,0x38,0x22,0xa,0x20,0x20,0x20,0x20,0x20,0x20,0x20,0x20,0x7d,0xa,
  0xa,0x20,0x20,0x20,0x20,0x20,0x20,0x20,0x20,0x2f,0x2f,0x20,0xec,0x95,0xbd,0x20,
  0xed,0x8e,0x98,0xec,0x96,0xb4,0xa,0x20,0x20,0x20,0x20,0x20,0x20,0x20,0x20,0x4c,
  0x61,0x62,0x65,0x6c,0x20,0x7b,0xa,0x20,0x20,0x20,0x20,0x20,0x20,0x20,0x20,0x20,
  0x20,0x20,0x20,0x74,0x65,0x78,0x74,0x3a,0x20,0x63,0x61,0x72,0x64,0x2e,0x64,0x72,
  0x75,0x67,0x5f,0x61,0x5f,0x6e,0x61,0x6d,0x65,0x20,0x2b,0x20,0x22,0x20,0x2b,0x20,
  0x22,0x20,0x2b,0x20,0x63,0x61,0x72,0x64,0x2e,0x64,0x72,0x75,0x67,0x5f,0x62,0x5f,
  0x6e,0x61,0x6d,0x65,0xa,0x20,0x20,0x20,0x20,0x20,0x20,0x20,0x20,0x20,0x20,0x20,
  0x20,0x66,0x6f,0x6e,0x74,0x2e,0x70,0x69,0x78,0x65,0x6c,0x53,0x69,0x7a,0x65,0x3a,
  0x20,0x32,0x30,0xa,0x20,0x20,0x20,0x20,0x20,0x20,0x20,0x20,0x20,0x20,0x20,0x20,
  0x66,0x6f,0x6e,0x74,0x2e,0x62,0x6f,0x6c,0x64,0x3a,0x20,0x74,0x72,0x75,0x65,0xa,
  0x20,0x20,0x20,0x20,0x20,0x20,0x20,0x20,0x7d,0xa,0xa,0x20,0x20,0x20,0x20,0x20,
  0x20,0x20,0x20,0x2f,0x2f,0x20,0xec,0x82,0xac,0xec,0x9c,0xa0,0x20,0x28,0xec,0x8b,
  0x9d,0xec,0x95,0xbd,0xec,0xb2,0x98,0x20,0xeb,0xb3,0xb8,0xeb,0xac,0xb8,0x20,0xea,
  0xb7,0xb8,0xeb,0x8c,0x80,0xeb,0xa1,0x9c,0x29,0xa,0x20,0x20,0x20,0x20,0x20,0x20,
  0x20,0x20,0x4c,0x61,0x62,0x65,0x6c,0x20,0x7b,0xa,0x20,0x20,0x20,0x20,0x20,0x20,
  0x20,0x20,0x20,0x20,0x20,0x20,0x4c,0x61,0x79,0x6f,0x75,0x74,0x2e,0x66,0x69,0x6c,
  0x6c,0x57,0x69,0x64,0x74,0x68,0x3a,0x20,0x74,0x72,0x75,0x65,0xa,0x20,0x20,0x20,
  0x20,0x20,0x20,0x20,0x20,0x20,0x20,0x20,0x20,0x74,0x65,0x78,0x74,0x3a,0x20,0x71,
  0x73,0x54,0x72,0x28,0x22,0xec,0x82,0xac,0xec,0x9c,0xa0,0x3a,0x20,0x22,0x29,0x20,
  0x2b,0x20,0x63,0x61,0x72,0x64,0x2e,0x70,0x72,0x6f,0x68,0x69,0x62,0x69,0x74,0x5f,
  0x72,0x65,0x61,0x73,0x6f,0x6e,0xa,0x20,0x20,0x20,0x20,0x20,0x20,0x20,0x20,0x20,
  0x20,0x20,0x20,0x66,0x6f,0x6e,0x74,0x2e,0x70,0x69,0x78,0x65,0x6c,0x53,0x69,0x7a,
  0x65,0x3a,0x20,0x31,0x36,0xa,0x20,0x20,0x20,0x20,0x20,0x20,0x20,0x20,0x20,0x20,
  0x20,0x20,0x77,0x72,0x61,0x70,0x4d,0x6f,0x64,0x65,0x3a,0x20,0x54,0x65,0x78,0x74,
  0x2e,0x57,0x6f,0x72,0x64,0x57,0x72,0x61,0x70,0xa,0x20,0x20,0x20,0x20,0x20,0x20,
  0x20,0x20,0x7d,0xa,0xa,0x20,0x20,0x20,0x20,0x20,0x20,0x20,0x20,0x2f,0x2f,0x20,
  0xec,0xa1,0xb0,0xec,0xb9,0x98,0x20,0x28,0xec,0xa0,0x95,0xed,0x95,0xb4,0xec,0xa7,
  0x84,0x20,0xed,0x85,0x9c,0xed,0x94,0x8c,0xeb,0xa6,0xbf,0x29,0xa,0x20,0x20,0x20,
  0x20,0x20,0x20,0x20,0x20,0x4c,0x61,0x62,0x65,0x6c,0x20,0x7b,0xa,0x20,0x20,0x20,
  0x20,0x20,0x20,0x20,0x20,0x20,0x20,0x20,0x20,0x4c,0x61,0x79,0x6f,0x75,0x74,0x2e,
  0x66,0x69,0x6c,0x6c,0x57,0x69,0x64,0x74,0x68,0x3a,0x20,0x74,0x72,0x75,0x65,0xa,
  0x20,0x20,0x20,0x20,0x20,0x20,0x20,0x20,0x20,0x20,0x20,0x20,0x74,0x65,0x78,0x74,
  0x3a,0x20,0x71,0x73,0x54,0x72,0x28,0x22,0xec,0xa1,0xb0,0xec,0xb9,0x98,0x3a,0x20,
  0x22,0x29,0x20,0x2b,0x20,0x63,0x61,0x72,0x64,0x2e,0x61,0x63,0x74,0x69,0x6f,0x6e,
  0x5f,0x6d,0x65,0x73,0x73,0x61,0x67,0x65,0xa,0x20,0x20,0x20,0x20,0x20,0x20,0x20,
  0x20,0x20,0x20,0x20,0x20,0x66,0x6f,0x6e,0x74,0x2e,0x70,0x69,0x78,0x65,0x6c,0x53,
  0x69,0x7a,0x65,0x3a,0x20,0x31,0x36,0xa,0x20,0x20,0x20,0x20,0x20,0x20,0x20,0x20,
  0x20,0x20,0x20,0x20,0x66,0x6f,0x6e,0x74,0x2e,0x62,0x6f,0x6c,0x64,0x3a,0x20,0x74,
  0x72,0x75,0x65,0xa,0x20,0x20,0x20,0x20,0x20,0x20,0x20,0x20,0x20,0x20,0x20,0x20,
  0x63,0x6f,0x6c,0x6f,0x72,0x3a,0x20,0x22,0x23,0x43,0x36,0x32,0x38,0x32,0x38,0x22,
  0xa,0x20,0x20,0x20,0x20,0x20,0x20,0x20,0x20,0x20,0x20,0x20,0x20,0x77,0x72,0x61,
  0x70,0x4d,0x6f,0x64,0x65,0x3a,0x20,0x54,0x65,0x78,0x74,0x2e,0x57,0x6f,0x72,0x64,
  0x57,0x72,0x61,0x70,0xa,0x20,0x20,0x20,0x20,0x20,0x20,0x20,0x20,0x7d,0xa,0x20,
  0x20,0x20,0x20,0x7d,0xa,0x7d,0xa,
    // PhoneStatusIndicator.qml
  0x0,0x0,0x7,0xbb,
  0x2f,
  0x2f,0x20,0x3d,0x3d,0x3d,0x3d,0x3d,0x3d,0x3d,0x3d,0x3d,0x3d,0x3d,0x3d,0x3d,0x3d,
  0x3d,0x3d,0x3d,0x3d,0x3d,0x3d,0x3d,0x3d,0x3d,0x3d,0x3d,0x3d,0x3d,0x3d,0x3d,0x3d,
  0x3d,0x3d,0x3d,0x3d,0x3d,0x3d,0x3d,0x3d,0x3d,0x3d,0x3d,0x3d,0x3d,0x3d,0x3d,0x3d,
  0x3d,0x3d,0x3d,0x3d,0x3d,0x3d,0x3d,0xa,0x2f,0x2f,0x20,0x50,0x68,0x6f,0x6e,0x65,
  0x53,0x74,0x61,0x74,0x75,0x73,0x49,0x6e,0x64,0x69,0x63,0x61,0x74,0x6f,0x72,0x20,
  0xe2,0x80,0x94,0x20,0xed,0x8f,0xb0,0x20,0x55,0x53,0x42,0x20,0xec,0x97,0xb0,0xea,
  0xb2,0xb0,0x20,0xec,0x83,0x81,0xed,0x83,0x9c,0x20,0x4c,0x45,0x44,0x20,0x2b,0x20,
  0xeb,0x9d,0xbc,0xeb,0xb2,0xa8,0xa,0x2f,0x2f,0x20,0x3d,0x3d,0x3d,0x3d,0x3d,0x3d,
  0x3d,0x3d,0x3d,0x3d,0x3d,0x3d,0x3d,0x3d,0x3d,0x3d,0x3d,0x3d,0x3d,0x3d,0x3d,0x3d,
  0x3d,0x3d,0x3d,0x3d,0x3d,0x3d,0x3d,0x3d,0x3d,0x3d,0x3d,0x3d,0x3d,0x3d,0x3d,0x3d,
  0x3d,0x3d,0x3d,0x3d,0x3d,0x3d,0x3d,0x3d,0x3d,0x3d,0x3d,0x3d,0x3d,0x3d,0x3d,0xa,
  0x2f,0x2f,0x20,0x70,0x68,0x6f,0x6e,0x65,0x5f,0x6c,0x69,0x6e,0x6b,0x5f,0x63,0x6f,
  0x6e,0x74,0x72,0x6f,0x6c,0x6c,0x65,0x72,0x20,0xec,0x9d,0x98,0x20,0x69,0x73,0x5f,
  0x63,0x6f,0x6e,0x6e,0x65,0x63,0x74,0x65,0x64,0x20,0xc2,0xb7,0x20,0x64,0x65,0x76,
  0x69,0x63,0x65,0x5f,0x73,0x74,0x61,0x74,0x65,0x20,0xeb,0xa5,0xbc,0x20,0xeb,0xb0,
  0x94,0xec,0x9d,0xb8,0xeb,0x94,0xa9,0x2e,0xa,0x2f,0x2f,0x20,0x3d,0x3d,0x3d,0x3d,
  0x3d,0x3d,0x3d,0x3d,0x3d,0x3d,0x3d,0x3d,0x3d,0x3d,0x3d,0x3d,0x3d,0x3d,0x3d,0x3d,
  0x3d,0x3d,0x3d,0x3d,0x3d,0x3d,0x3d,0x3d,0x3d,0x3d,0x3d,0x3d,0x3d,0x3d,0x3d,0x3d,
  0x3d,0x3d,0x3d,0x3d,0x3d,0x3d,0x3d,0x3d,0x3d,0x3d,0x3d,0x3d,0x3d,0x3d,0x3d,0x3d,
  0x3d,0xa,0x69,0x6d,0x70,0x6f,0x72,0x74,0x20,0x51,0x74,0x51,0x75,0x69,0x63,0x6b,
  0xa,0x69,0x6d,0x70,0x6f,0x72,0x74,0x20,0x51,0x74,0x51,0x75,0x69,0x63,0x6b,0x2e,
  0x43,0x6f,0x6e,0x74,0x72,0x6f,0x6c,0x73,0xa,0x69,0x6d,0x70,0x6f,0x72,0x74,0x20,
  0x51,0x74,0x51,0x75,0x69,0x63,0x6b,0x2e,0x4c,0x61,0x79,0x6f,0x75,0x74,0x73,0xa,
  0xa,0x52,0x6f,0x77,0x4c,0x61,0x79,0x6f,0x75,0x74,0x20,0x7b,0xa,0x20,0x20,0x20,
  0x20,0x69,0x64,0x3a,0x20,0x69,0x6e,0x64,0x69,0x63,0x61,0x74,0x6f,0x72,0xa,0x20,
  0x20,0x20,0x20,0x73,0x70,0x61,0x63,0x69,0x6e,0x67,0x3a,0x20,0x38,0xa,0xa,0x20,
  0x20,0x20,0x20,0x2f,0x2f,0x20,0x4c,0x45,0x44,0x20,0xec,0x9b,0x90,0xed,0x98,0x95,
  0xa,0x20,0x20,0x20,0x20,0x52,0x65,0x63,0x74,0x61,0x6e,0x67,0x6c,0x65,0x20,0x7b,
  0xa,0x20,0x20,0x20,0x20,0x20,0x20,0x20,0x20,0x77,0x69,0x64,0x74,0x68,0x3a,0x20,
  0x31,0x34,0xa,0x20,0x20,0x20,0x20,0x20,0x20,0x20,0x20,0x68,0x65,0x69,0x67,0x68,
  0x74,0x3a,0x20,0x31,0x34,0xa,0x20,0x20,0x20,0x20,0x20,0x20,0x20,0x20,0x72,0x61,
  0x64,0x69,0x75,0x73,0x3a,0x20,0x37,0xa,0x20,0x20,0x20,0x20,0x20,0x20,0x20,0x20,
  0x63,0x6f,0x6c,0x6f,0x72,0x3a,0x20,0x7b,0xa,0x20,0x20,0x20,0x20,0x20,0x20,0x20,
  0x20,0x20,0x20,0x20,0x20,0x69,0x66,0x20,0x28,0x70,0x68,0x6f,0x6e,0x65,0x5f,0x6c,
  0x69,0x6e,0x6b,0x5f,0x63,0x6f,0x6e,0x74,0x72,0x6f,0x6c,0x6c,0x65,0x72,0x2e,0x69,
  0x73,0x5f,0x63,0x6f,0x6e,0x6e,0x65,0x63,0x74,0x65,0x64,0x29,0x20,0x72,0x65,0x74,
  0x75,0x72,0x6e,0x20,0x22,0x23,0x34,0x43,0x41,0x46,0x35,0x30,0x22,0x20,0x20,0x2f,
  0x2f,0x20,0xec,0xb4,0x88,0xeb,0xa1,0x9d,0xa,0x20,0x20,0x20,0x20,0x20,0x20,0x20,
  0x20,0x20,0x20,0x20,0x20,0x69,0x66,0x20,0x28,0x70,0x68,0x6f,0x6e,0x65,0x5f,0x6c,
  0x69,0x6e,0x6b,0x5f,0x63,0x6f,0x6e,0x74,0x72,0x6f,0x6c,0x6c,0x65,0x72,0x2e,0x64,
  0x65,0x76,0x69,0x63,0x65,0x5f,0x73,0x74,0x61,0x74,0x65,0x20,0x3d,0x3d,0x3d,0x20,
  0x22,0x75,0x6e,0x61,0x75,0x74,0x68,0x6f,0x72,0x69,0x7a,0x65,0x64,0x22,0x29,0x20,
  0x72,0x65,0x74,0x75,0x72,0x6e,0x20,0x22,0x23,0x46,0x46,0x39,0x38,0x30,0x30,0x22,
  0xa,0x20,0x20,0x20,0x20,0x20,0x20,0x20,0x20,0x20,0x20,0x20,0x20,0x69,0x66,0x20,
  0x28,0x70,0x68,0x6f,0x6e,0x65,0x5f,0x6c,0x69,0x6e,0x6b,0x5f,0x63,0x6f,0x6e,0x74,
  0x72,0x6f,0x6c,0x6c,0x65,0x72,0x2e,0x64,0x65,0x76,0x69,0x63,0x65,0x5f,0x73,0x74,
  0x61,0x74,0x65,0x20,0x3d,0x3d,0x3d,0x20,0x22,0x6f,0x66,0x66,0x6c,0x69,0x6e,0x65,
  0x22,0x29,0x20,0x20,0x20,0x20,0x20,0x20,0x72,0x65,0x74,0x75,0x72,0x6e,0x20,0x22,
  0x23,0x46,0x34,0x34,0x33,0x33,0x36,0x22,0xa,0x20,0x20,0x20,0x20,0x20,0x20,0x20,
  0x20,0x20,0x20,0x20,0x20,0x72,0x65,0x74,0x75,0x72,0x6e,0x20,0x22,0x23,0x39,0x45,
  0x39,0x45,0x39,0x45,0x22,0x20,0x20,0x20,0x2f,0x2f,0x20,0xeb,0xaf,0xb8,0xec,0x97,
  0xb0,0xea,0xb2,0xb0,0xa,0x20,0x20,0x20,0x20,0x20,0x20,0x20,0x20,0x7d,0xa,0xa,
  0x20,0x20,0x20,0x20,0x20,0x20,0x20,0x20,0x2f,0x2f,0x20,0xea,0xb9,0x9c,0xeb,0xb9,
  0xa1,0xec,0x9e,0x84,0x20,0xec,0x95,0xa0,0xeb,0x8b,0x88,0xeb,0xa9,0x94,0xec,0x9d,
  0xb4,0xec,0x85,0x98,0x20,0x28,0xec,0x97,0xb0,0xea,0xb2,0xb0,0x20,0xec,0x8b,0x9c,
  0xeb,0x8f,0x84,0x20,0xec,0xa4,0x91,0x29,0xa,0x20,0x20,0x20,0x20,0x20,0x20,0x20,
  0x20,0x53,0x65,0x71,0x75,0x65,0x6e,0x74,0x69,0x61,0x6c,0x41,0x6e,0x69,0x6d,0x61,
  0x74,0x69,0x6f,0x6e,0x20,0x6f,0x6e,0x20,0x6f,0x70,0x61,0x63,0x69,0x74,0x79,0x20,
  0x7b,0xa,0x20,0x20,0x20,0x20,0x20,0x20,0x20,0x20,0x20,0x20,0x20,0x20,0x72,0x75,
  0x6e,0x6e,0x69,0x6e,0x67,0x3a,0x20,0x21,0x70,0x68,0x6f,0x6e,0x65,0x5f,0x6c,0x69,
  0x6e,0x6b,0x5f,0x63,0x6f,0x6e,0x74,0x72,0x6f,0x6c,0x6c,0x65,0x72,0x2e,0x69,0x73,
  0x5f,0x63,0x6f,0x6e,0x6e,0x65,0x63,0x74,0x65,0x64,0xa,0x20,0x20,0x20,0x20,0x20,
  0x20,0x20,0x20,0x20,0x20,0x20,0x20,0x6c,0x6f,0x6f,0x70,0x73,0x3a,0x20,0x41,0x6e,
  0x69,0x6d,0x61,0x74,0x69,0x6f,0x6e,0x2e,0x49,0x6e,0x66,0x69,0x6e,0x69,0x74,0x65,
  0xa,0x20,0x20,0x20,0x20,0x20,0x20,0x20,0x20,0x20,0x20,0x20,0x20,0x4e,0x75,0x6d,
  0x62,0x65,0x72,0x41,0x6e,0x69,0x6d,0x61,0x74,0x69,0x6f,0x6e,0x20,0x7b,0x20,0x66,
  0x72,0x6f,0x6d,0x3a,0x20,0x31,0x2e,0x30,0x3b,0x20,0x74,0x6f,0x3a,0x20,0x30,0x2e,
  0x33,0x3b,0x20,0x64,0x75,0x72,0x61,0x74,0x69,0x6f,0x6e,0x3a,0x20,0x38,0x30,0x30,
  0x20,0x7d,0xa,0x20,0x20,0x20,0x20,0x20,0x20,0x20,0x20,0x20,0x20,0x20,0x20,0x4e,
  0x75,0x6d,0x62,0x65,0x72,0x41,0x6e,0x69,0x6d,0x61,0x74,0x69,0x6f,0x6e,0x20,0x7b,
  0x20,0x66,0x72,0x6f,0x6d,0x3a,0x20,0x30,0x2e,0x33,0x3b,0x20,0x74,0x6f,0x3a,0x20,
  0x31,0x2e,0x30,0x3b,0x20,0x64,0x75,0x72,0x61,0x74,0x69,0x6f,0x6e,0x3a,0x20,0x38,
  0x30,0x30,0x20,0x7d,0xa,0x20,0x20,0x20,0x20,0x20,0x20,0x20,0x20,0x7d,0xa,0x20,
  0x20,0x20,0x20,0x7d,0xa,0xa,0x20,0x20,0x20,0x20,0x2f,0x2f,0x20,0xec,0x83,0x81,
  0xed,0x83,0x9c,0x20,0xeb,0x9d,0xbc,0xeb,0xb2,0xa8,0xa,0x20,0x20,0x20,0x20,0x4c,
  0x61,0x62,0x65,0x6c,0x20,0x7b,0xa,0x20,0x20,0x20,0x20,0x20,0x20,0x20,0x20,0x74,
  0x65,0x78,0x74,0x3a,0x20,0x7b,0xa,0x20,0x20,0x20,0x20,0x20,0x20,0x20,0x20,0x20,
  0x20,0x20,0x20,0x69,0x66,0x20,0x28,0x70,0x68,0x6f,0x6e,0x65,0x5f,0x6c,0x69,0x6e,
  0x6b,0x5f,0x63,0x6f,0x6e,0x74,0x72,0x6f,0x6c,0x6c,0x65,0x72,0x2e,0x69,0x73,0x5f,
  0x63,0x6f,0x6e,0x6e,0x65,0x63,0x74,0x65,0x64,0x29,0x20,0x7b,0xa,0x20,0x20,0x20,
  0x20,0x20,0x20,0x20,0x20,0x20,0x20,0x20,0x20,0x20,0x20,0x20,0x20,0x72,0x65,0x74,
  0x75,0x72,0x6e,0x20,0x71,0x73,0x54,0x72,0x28,0x22,0xed,0x8f,0xb0,0x20,0xec,0x97,
  0xb0,0xea,0xb2,0xb0,0xeb,0x90,0xa8,0x22,0x29,0x20,0x2b,0xa,0x20,0x20,0x20,0x20,
  0x20,0x20,0x20,0x20,0x20,0x20,0x20,0x20,0x20,0x20,0x20,0x20,0x20,0x20,0x20,0x20,
  0x20,0x20,0x20,0x28,0x70,0x68,0x6f,0x6e,0x65,0x5f,0x6c,0x69,0x6e,0x6b,0x5f,0x63,
  0x6f,0x6e,0x74,0x72,0x6f,0x6c,0x6c,0x65,0x72,0x2e,0x72,0x65,0x76,0x65,0x72,0x73,
  0x65,0x5f,0x61,0x63,0x74,0x69,0x76,0x65,0x20,0x3f,0x20,0x22,0x20,0xe2,0x9c,0x93,
  0x22,0x20,0x3a,0x20,0x22,0x22,0x29,0xa,0x20,0x20,0x20,0x20,0x20,0x20,0x20,0x20,
  0x20,0x20,0x20,0x20,0x7d,0xa,0x20,0x20,0x20,0x20,0x20,0x20,0x20,0x20,0x20,0x20,
  0x20,0x20,0x73,0x77,0x69,0x74,0x63,0x68,0x20,0x28,0x70,0x68,0x6f,0x6e,0x65,0x5f,
  0x6c,0x69,0x6e,0x6b,0x5f,0x63,0x6f,0x6e,0x74,0x72,0x6f,0x6c,0x6c,0x65,0x72,0x2e,
  0x64,0x65,0x76,0x69,0x63,0x65,0x5f,0x73,0x74,0x61,0x74,0x65,0x29,0x20,0x7b,0xa,
  0x20,0x20,0x20,0x20,0x20,0x20,0x20,0x20,0x20,0x20,0x20,0x20,0x20,0x20,0x20,0x20,
  0x63,0x61,0x73,0x65,0x20,0x22,0x75,0x6e,0x61,0x75,0x74,0x68,0x6f,0x72,0x69,0x7a,
  0x65,0x64,0x22,0x3a,0x20,0x72,0x65,0x74,0x75,0x72,0x6e,0x20,0x71,0x73,0x54,0x72,
  0x28,0x22,0x55,0x53,0x42,0x20,0xeb,0x94,0x94,0xeb,0xb2,0x84,0xea,0xb9,0x85,0x20,
  0xed,0x97,0x88,0xec,0x9a,0xa9,0x20,0xed,0x95,0x84,0xec,0x9a,0x94,0x22,0x29,0xa,
  0x20,0x20,0x20,0x20,0x20,0x20,0x20,0x20,0x20,0x20,0x20,0x20,0x20,0x20,0x20,0x20,
  0x63,0x61,0x73,0x65,0x20,0x22,0x6f,0x66,0x66,0x6c,0x69,0x6e,0x65,0x22,0x3a,0x20,
  0x20,0x20,0x20,0x20,0x20,0x72,0x65,0x74,0x75,0x72,0x6e,0x20,0x71,0x73,0x54,0x72,
  0x28,0x22,0xed,0x8f,0xb0,0x20,0xec,0x9d,0x91,0xeb,0x8b,0xb5,0x20,0xec,0x97,0x86,
  0xec,0x9d,0x8c,0x22,0x29,0xa,0x20,0x20,0x20,0x20,0x20,0x20,0x20,0x20,0x20,0x20,
  0x20,0x20,0x20,0x20,0x20,0x20,0x64,0x65,0x66,0x61,0x75,0x6c,0x74,0x3a,0x20,0x20,
  0x20,0x20,0x20,0x20,0x20,0x20,0x20,0x20,0x20,0x20,0x20,0x72,0x65,0x74,0x75,0x72,
  0x6e,0x20,0x71,0x73,0x54,0x72,0x28,0x22,0xed,0x8f,0xb0,0x20,0xeb,0xaf,0xb8,0xec,
  0x97,0xb0,0xea,0xb2,0xb0,0x22,0x29,0xa,0x20,0x20,0x20,0x20,0x20,0x20,0x20,0x20,
  0x20,0x20,0x20,0x20,0x7d,0xa,0x20,0x20,0x20,0x20,0x20,0x20,0x20,0x20,0x7d,0xa,
  0x20,0x20,0x20,0x20,0x20,0x20,0x20,0x20,0x66,0x6f,0x6e,0x74,0x2e,0x70,0x69,0x78,
  0x65,0x6c,0x53,0x69,0x7a,0x65,0x3a,0x20,0x31,0x34,0xa,0x20,0x20,0x20,0x20,0x7d,
  0xa,0xa,0x20,0x20,0x20,0x20,0x2f,0x2f,0x20,0xec,0x88,0x98,0xeb,0x8f,0x99,0x20,
  0xec,0x9e,0xac,0xec,0x97,0xb0,0xea,0xb2,0xb0,0x20,0xeb,0xb2,0x84,0xed,0x8a,0xbc,
  0x20,0x28,0x51,0x34,0x3d,0x43,0x29,0xa,0x20,0x20,0x20,0x20,0x54,0x6f,0x6f,0x6c,
  0x42,0x75,0x74,0x74,0x6f,0x6e,0x20,0x7b,0xa,0x20,0x20,0x20,0x20,0x20,0x20,0x20,
  0x20,0x74,0x65,0x78,0x74,0x3a,0x20,0x71,0x73,0x54,0x72,0x28,0x22,0xec,0x9e,0xac,
  0xec,0x97,0xb0,0xea,0xb2,0xb0,0x22,0x29,0xa,0x20,0x20,0x20,0x20,0x20,0x20,0x20,
  0x20,0x66,0x6f,0x6e,0x74,0x2e,0x70,0x69,0x78,0x65,0x6c,0x53,0x69,0x7a,0x65,0x3a,
  0x20,0x31,0x32,0xa,0x20,0x20,0x20,0x20,0x20,0x20,0x20,0x20,0x76,0x69,0x73,0x69,
  0x62,0x6c,0x65,0x3a,0x20,0x21,0x70,0x68,0x6f,0x6e,0x65,0x5f,0x6c,0x69,0x6e,0x6b,
  0x5f,0x63,0x6f,0x6e,0x74,0x72,0x6f,0x6c,0x6c,0x65,0x72,0x2e,0x69,0x73,0x5f,0x63,
  0x6f,0x6e,0x6e,0x65,0x63,0x74,0x65,0x64,0xa,0x20,0x20,0x20,0x20,0x20,0x20,0x20,
  0x20,0x6f,0x6e,0x43,0x6c,0x69,0x63,0x6b,0x65,0x64,0x3a,0x20,0x70,0x68,0x6f,0x6e,
  0x65,0x5f,0x6c,0x69,0x6e,0x6b,0x5f,0x63,0x6f,0x6e,0x74,0x72,0x6f,0x6c,0x6c,0x65,
  0x72,0x2e,0x72,0x65,0x74,0x72,0x79,0x5f,0x63,0x6f,0x6e,0x6e,0x65,0x63,0x74,0x28,
  0x29,0xa,0x20,0x20,0x20,0x20,0x7d,0xa,0x7d,0xa,
    // ConfidenceTierBadge.qml
  0x0,0x0,0x5,0xa,
  0x2f,
  0x2f,0x20,0x3d,0x3d,0x3d,0x3d,0x3d,0x3d,0x3d,0x3d,0x3d,0x3d,0x3d,0x3d,0x3d,0x3d,
  0x3d,0x3d,0x3d,0x3d,0x3d,0x3d,0x3d,0x3d,0x3d,0x3d,0x3d,0x3d,0x3d,0x3d,0x3d,0x3d,
  0x3d,0x3d,0x3d,0x3d,0x3d,0x3d,0x3d,0x3d,0x3d,0x3d,0x3d,0x3d,0x3d,0x3d,0x3d,0x3d,
  0x3d,0x3d,0x3d,0x3d,0x3d,0x3d,0x3d,0xa,0x2f,0x2f,0x20,0x43,0x6f,0x6e,0x66,0x69,
  0x64,0x65,0x6e,0x63,0x65,0x54,0x69,0x65,0x72,0x42,0x61,0x64,0x67,0x65,0x20,0xe2,
  0x80,0x94,0x20,0xec,0x8b,0x9d,0xeb,0xb3,0x84,0x20,0xec,0x8b,0xa0,0xeb,0xa2,0xb0,
  0xeb,0x8f,0x84,0x20,0xeb,0xb6,0x84,0xea,0xb8,0xb0,0x20,0xed,0x91,0x9c,0xec,0x8b,
  0x9c,0xa,0x2f,0x2f,0x20,0x3d,0x3d,0x3d,0x3d,0x3d,0x3d,0x3d,0x3d,0x3d,0x3d,0x3d,
  0x3d,0x3d,0x3d,0x3d,0x3d,0x3d,0x3d,0x3d,0x3d,0x3d,0x3d,0x3d,0x3d,0x3d,0x3d,0x3d,
  0x3d,0x3d,0x3d,0x3d,0x3d,0x3d,0x3d,0x3d,0x3d,0x3d,0x3d,0x3d,0x3d,0x3d,0x3d,0x3d,
  0x3d,0x3d,0x3d,0x3d,0x3d,0x3d,0x3d,0x3d,0x3d,0x3d,0xa,0x2f,0x2f,0x20,0x48,0x49,
  0x47,0x48,0x20,0x28,0x39,0x35,0x25,0xe2,0x86,0x91,0x29,0x20,0x2f,0x20,0x4d,0x45,
  0x44,0x49,0x55,0x4d,0x20,0x28,0x37,0x30,0x7e,0x39,0x35,0x25,0x29,0x20,0x2f,0x20,
  0x4c,0x4f,0x57,0x20,0x28,0x37,0x30,0x25,0xe2,0x86,0x93,0x29,0x20,0x33,0xeb,0x8b,
  0xa8,0xea,0xb3,0x84,0xa,0x2f,0x2f,0x20,0x3d,0x3d,0x3d,0x3d,0x3d,0x3d,0x3d,0x3d,
  0x3d,0x3d,0x3d,0x3d,0x3d,0x3d,0x3d,0x3d,0x3d,0x3d,0x3d,0x3d,0x3d,0x3d,0x3d,0x3d,
  0x3d,0x3d,0x3d,0x3d,0x3d,0x3d,0x3d,0x3d,0x3d,0x3d,0x3d,0x3d,0x3d,0x3d,0x3d,0x3d,
  0x3d,0x3d,0x3d,0x3d,0x3d,0x3d,0x3d,0x3d,0x3d,0x3d,0x3d,0x3d,0x3d,0xa,0x69,0x6d,
  0x70,0x6f,0x72,0x74,0x20,0x51,0x74,0x51,0x75,0x69,0x63,0x6b,0xa,0x69,0x6d,0x70,
  0x6f,0x72,0x74,0x20,0x51,0x74,0x51,0x75,0x69,0x63,0x6b,0x2e,0x43,0x6f,0x6e,0x74,
  0x72,0x6f,0x6c,0x73,0xa,0x69,0x6d,0x70,0x6f,0x72,0x74,0x20,0x51,0x74,0x51,0x75,
  0x69,0x63,0x6b,0x2e,0x43,0x6f,0x6e,0x74,0x72,0x6f,0x6c,0x73,0x2e,0x4d,0x61,0x74,
  0x65,0x72,0x69,0x61,0x6c,0xa,0xa,0x52,0x65,0x63,0x74,0x61,0x6e,0x67,0x6c,0x65,
  0x20,0x7b,0xa,0x20,0x20,0x20,0x20,0x69,0x64,0x3a,0x20,0x62,0x61,0x64,0x67,0x65,
  0xa,0xa,0x20,0x20,0x20,0x20,0x2f,0x2f,0x20,0xec,0x82,0xac,0xec,0x9a,0xa9,0xec,
  0x9e,0x90,0x20,0xec,0xa0,0x95,0xec,0x9d,0x98,0x20,0xec,0x86,0x8d,0xec,0x84,0xb1,
  0xa,0x20,0x20,0x20,0x20,0x70,0x72,0x6f,0x70,0x65,0x72,0x74,0x79,0x20,0x73,0x74,
  0x72,0x69,0x6e,0x67,0x20,0x74,0x69,0x65,0x72,0x3a,0x20,0x22,0x4d,0x45,0x44,0x49,
  0x55,0x4d,0x22,0x20,0x20,0x20,0x2f,0x2f,0x20,0x22,0x48,0x49,0x47,0x48,0x22,0x20,
  0x2f,0x20,0x22,0x4d,0x45,0x44,0x49,0x55,0x4d,0x22,0x20,0x2f,0x20,0x22,0x4c,0x4f,
  0x57,0x22,0xa,0xa,0x20,0x20,0x20,0x20,0x77,0x69,0x64,0x74,0x68,0x3a,0x20,0x74,
  0x69,0x65,0x72,0x5f,0x6c,0x61,0x62,0x65,0x6c,0x2e,0x77,0x69,0x64,0x74,0x68,0x20,
  0x2b,0x20,0x32,0x34,0xa,0x20,0x20,0x20,0x20,0x68,0x65,0x69,0x67,0x68,0x74,0x3a,
  0x20,0x33,0x36,0xa,0x20,0x20,0x20,0x20,0x72,0x61,0x64,0x69,0x75,0x73,0x3a,0x20,
  0x31,0x38,0xa,0xa,0x20,0x20,0x20,0x20,0x63,0x6f,0x6c,0x6f,0x72,0x3a,0x20,0x7b,
  0xa,0x20,0x20,0x20,0x20,0x20,0x20,0x20,0x20,0x73,0x77,0x69,0x74,0x63,0x68,0x20,
  0x28,0x74,0x69,0x65,0x72,0x29,0x20,0x7b,0xa,0x20,0x20,0x20,0x20,0x20,0x20,0x20,
  0x20,0x20,0x20,0x20,0x20,0x63,0x61,0x73,0x65,0x20,0x22,0x48,0x49,0x47,0x48,0x22,
  0x3a,0x20,0x20,0x20,0x72,0x65,0x74,0x75,0x72,0x6e,0x20,0x22,0x23,0x34,0x43,0x41,
  0x46,0x35,0x30,0x22,0x20,0x20,0x20,0x2f,0x2f,0x20,0xec,0xb4,0x88,0xeb,0xa1,0x9d,
  0xa,0x20,0x20,0x20,0x20,0x20,0x20,0x20,0x20,0x20,0x20,0x20,0x20,0x63,0x61,0x73,
  0x65,0x20,0x22,0x4d,0x45,0x44,0x49,0x55,0x4d,0x22,0x3a,0x20,0x72,0x65,0x74,0x75,
  0x72,0x6e,0x20,0x22,0x23,0x46,0x46,0x39,0x38,0x30,0x30,0x22,0x20,0x20,0x20,0x2f,
  0x2f,0x20,0xec,0xa3,0xbc,0xed,0x99,0xa9,0xa,0x20,0x20,0x20,0x20,0x20,0x20,0x20,
  0x20,0x20,0x20,0x20,0x20,0x63,0x61,0x73,0x65,0x20,0x22,0x4c,0x4f,0x57,0x22,0x3a,
  0x20,0x20,0x20,0x20,0x72,0x65,0x74,0x75,0x72,0x6e,0x20,0x22,0x23,0x46,0x34,0x34,
  0x33,0x33,0x36,0x22,0x20,0x20,0x20,0x2f,0x2f,0x20,0xeb,0xb9,0xa8,0xea,0xb0,0x95,
  0xa,0x20,0x20,0x20,0x20,0x20,0x20,0x20,0x20,0x20,0x20,0x20,0x20,0x64,0x65,0x66,
  0x61,0x75,0x6c,0x74,0x3a,0x20,0x20,0x20,0x20,0x20,0x20,0x20,0x72,0x65,0x74,0x75,
  0x72,0x6e,0x20,0x22,0x23,0x39,0x45,0x39,0x45,0x39,0x45,0x22,0x20,0x20,0x20,0x2f,
  0x2f,0x20,0xed,0x9a,0x8c,0xec,0x83,0x89,0xa,0x20,0x20,0x20,0x20,0x20,0x20,0x20,
  0x20,0x7d,0xa,0x20,0x20,0x20,0x20,0x7d,0xa,0xa,0x20,0x20,0x20,0x20,0x4c,0x61,
  0x62,0x65,0x6c,0x20,0x7b,0xa,0x20,0x20,0x20,0x20,0x20,0x20,0x20,0x20,0x69,0x64,
  0x3a,0x20,0x74,0x69,0x65,0x72,0x5f,0x6c,0x61,0x62,0x65,0x6c,0xa,0x20,0x20,0x20,
  0x20,0x20,0x20,0x20,0x20,0x61,0x6e,0x63,0x68,0x6f,0x72,0x73,0x2e,0x63,0x65,0x6e,
  0x74,0x65,0x72,0x49,0x6e,0x3a,0x20,0x70,0x61,0x72,0x65,0x6e,0x74,0xa,0x20,0x20,
  0x20,0x20,0x20,0x20,0x20,0x20,0x74,0x65,0x78,0x74,0x3a,0x20,0x7b,0xa,0x20,0x20,
  0x20,0x20,0x20,0x20,0x20,0x20,0x20,0x20,0x20,0x20,0x73,0x77,0x69,0x74,0x63,0x68,
  0x20,0x28,0x62,0x61,0x64,0x67,0x65,0x2e,0x74,0x69,0x65,0x72,0x29,0x20,0x7b,0xa,
  0x20,0x20,0x20,0x20,0x20,0x20,0x20,0x20,0x20,0x20,0x20,0x20,0x20,0x20,0x20,0x20,
  0x63,0x61,0x73,0x65,0x20,0x22,0x48,0x49,0x47,0x48,0x22,0x3a,0x20,0x20,0x20,0x72,
  0x65,0x74,0x75,0x72,0x6e,0x20,0x71,0x73,0x54,0x72,0x28,0x22,0xeb,0x86,0x92,0xec,
  0x9d,0x8c,0x20,0x28,0x39,0x35,0x25,0xe2,0x86,0x91,0x29,0x22,0x29,0xa,0x20,0x20,
  0x20,0x20,0x20,0x20,0x20,0x20,0x20,0x20,0x20,0x20,0x20,0x20,0x20,0x20,0x63,0x61,
  0x73,0x65,0x20,0x22,0x4d,0x45,0x44,0x49,0x55,0x4d,0x22,0x3a,0x20,0x72,0x65,0x74,
  0x75,0x72,0x6e,0x20,0x71,0x73,0x54,0x72,0x28,0x22,0xeb,0xb3,0xb4,0xed,0x86,0xb5,
  0x20,0x28,0x37,0x30,0x7e,0x39,0x35,0x25,0x29,0x22,0x29,0xa,0x20,0x20,0x20,0x20,
  0x20,0x20,0x20,0x20,0x20,0x20,0x20,0x20,0x20,0x20,0x20,0x20,0x63,0x61,0x73,0x65,
  0x20,0x22,0x4c,0x4f,0x57,0x22,0x3a,0x20,0x20,0x20,0x20,0x72,0x65,0x74,0x75,0x72,
  0x6e,0x20,0x71,0x73,0x54,0x72,0x28,0x22,0xeb,0x82,0xae,0xec,0x9d,0x8c,0x20,0x28,
  0x37,0x30,0x25,0xe2,0x86,0x93,0x29,0x22,0x29,0xa,0x20,0x20,0x20,0x20,0x20,0x20,
  0x20,0x20,0x20,0x20,0x20,0x20,0x20,0x20,0x20,0x20,0x64,0x65,0x66,0x61,0x75,0x6c,
  0x74,0x3a,0x20,0x20,0x20,0x20,0x20,0x20,0x20,0x72,0x65,0x74,0x75,0x72,0x6e,0x20,
  0x71,0x73,0x54,0x72,0x28,0x22,0xeb,0xaf,0xb8,0xec,0xa0,0x95,0x22,0x29,0xa,0x20,
  0x20,0x20,0x20,0x20,0x20,0x20,0x20,0x20,0x20,0x20,0x20,0x7d,0xa,0x20,0x20,0x20,
  0x20,0x20,0x20,0x20,0x20,0x7d,0xa,0x20,0x20,0x20,0x20,0x20,0x20,0x20,0x20,0x63,
  0x6f,0x6c,0x6f,0x72,0x3a,0x20,0x22,0x77,0x68,0x69,0x74,0x65,0x22,0xa,0x20,0x20,
  0x20,0x20,0x20,0x20,0x20,0x20,0x66,0x6f,0x6e,0x74,0x2e,0x70,0x69,0x78,0x65,0x6c,
  0x53,0x69,0x7a,0x65,0x3a,0x20,0x31,0x34,0xa,0x20,0x20,0x20,0x20,0x20,0x20,0x20,
  0x20,0x66,0x6f,0x6e,0x74,0x2e,0x62,0x6f,0x6c,0x64,0x3a,0x20,0x74,0x72,0x75,0x65,
  0xa,0x20,0x20,0x20,0x20,0x7d,0xa,0x7d,0xa,
  
};

static const unsigned char qt_resource_name[] = {
  // Frontend
  0x0,0x8,
  0x9,0x65,0xa5,0xe4,
  0x0,0x46,
  0x0,0x72,0x0,0x6f,0x0,0x6e,0x0,0x74,0x0,0x65,0x0,0x6e,0x0,0x64,
    // Components
  0x0,0xa,
  0x7,0x6e,0x9,0x33,
  0x0,0x43,
  0x0,0x6f,0x0,0x6d,0x0,0x70,0x0,0x6f,0x0,0x6e,0x0,0x65,0x0,0x6e,0x0,0x74,0x0,0x73,
    // Main.qml
  0x0,0x8,
  0x8,0x1,0x5e,0x5c,
  0x0,0x4d,
  0x0,0x61,0x0,0x69,0x0,0x6e,0x0,0x2e,0x0,0x71,0x0,0x6d,0x0,0x6c,
    // Pages
  0x0,0x5,
  0x0,0x56,0x7d,0xc3,
  0x0,0x50,
  0x0,0x61,0x0,0x67,0x0,0x65,0x0,0x73,
    // HistoryPage.qml
  0x0,0xf,
  0x2,0xbc,0x58,0xdc,
  0x0,0x48,
  0x0,0x69,0x0,0x73,0x0,0x74,0x0,0x6f,0x0,0x72,0x0,0x79,0x0,0x50,0x0,0x61,0x0,0x67,0x0,0x65,0x0,0x2e,0x0,0x71,0x0,0x6d,0x0,0x6c,
    // PillPoolPage.qml
  0x0,0x10,
  0x4,0xd9,0xd6,0x3c,
  0x0,0x50,
  0x0,0x69,0x0,0x6c,0x0,0x6c,0x0,0x50,0x0,0x6f,0x0,0x6f,0x0,0x6c,0x0,0x50,0x0,0x61,0x0,0x67,0x0,0x65,0x0,0x2e,0x0,0x71,0x0,0x6d,0x0,0x6c,
    // ReportPage.qml
  0x0,0xe,
  0xf,0x3d,0x74,0xdc,
  0x0,0x52,
  0x0,0x65,0x0,0x70,0x0,0x6f,0x0,0x72,0x0,0x74,0x0,0x50,0x0,0x61,0x0,0x67,0x0,0x65,0x0,0x2e,0x0,0x71,0x0,0x6d,0x0,0x6c,
    // IdentifyResultPage.qml
  0x0,0x16,
  0x8,0x8,0x8a,0xfc,
  0x0,0x49,
  0x0,0x64,0x0,0x65,0x0,0x6e,0x0,0x74,0x0,0x69,0x0,0x66,0x0,0x79,0x0,0x52,0x0,0x65,0x0,0x73,0x0,0x75,0x0,0x6c,0x0,0x74,0x0,0x50,0x0,0x61,0x0,0x67,
  0x0,0x65,0x0,0x2e,0x0,0x71,0x0,0x6d,0x0,0x6c,
    // HomePage.qml
  0x0,0xc,
  0xe,0x3c,0x24,0xfc,
  0x0,0x48,
  0x0,0x6f,0x0,0x6d,0x0,0x65,0x0,0x50,0x0,0x61,0x0,0x67,0x0,0x65,0x0,0x2e,0x0,0x71,0x0,0x6d,0x0,0x6c,
    // SignupPage.qml
  0x0,0xe,
  0x8,0x1f,0xcc,0x9c,
  0x0,0x53,
  0x0,0x69,0x0,0x67,0x0,0x6e,0x0,0x75,0x0,0x70,0x0,0x50,0x0,0x61,0x0,0x67,0x0,0x65,0x0,0x2e,0x0,0x71,0x0,0x6d,0x0,0x6c,
    // LoginPage.qml
  0x0,0xd,
  0x1,0x6c,0x53,0xbc,
  0x0,0x4c,
  0x0,0x6f,0x0,0x67,0x0,0x69,0x0,0x6e,0x0,0x50,0x0,0x61,0x0,0x67,0x0,0x65,0x0,0x2e,0x0,0x71,0x0,0x6d,0x0,0x6c,
    // AppButton.qml
  0x0,0xd,
  0xb,0xc8,0x70,0x7c,
  0x0,0x41,
  0x0,0x70,0x0,0x70,0x0,0x42,0x0,0x75,0x0,0x74,0x0,0x74,0x0,0x6f,0x0,0x6e,0x0,0x2e,0x0,0x71,0x0,0x6d,0x0,0x6c,
    // DurAlertCard.qml
  0x0,0x10,
  0x8,0xcc,0x98,0xbc,
  0x0,0x44,
  0x0,0x75,0x0,0x72,0x0,0x41,0x0,0x6c,0x0,0x65,0x0,0x72,0x0,0x74,0x0,0x43,0x0,0x61,0x0,0x72,0x0,0x64,0x0,0x2e,0x0,0x71,0x0,0x6d,0x0,0x6c,
    // PhoneStatusIndicator.qml
  0x0,0x18,
  0xa,0x29,0x72,0x3c,
  0x0,0x50,
  0x0,0x68,0x0,0x6f,0x0,0x6e,0x0,0x65,0x0,0x53,0x0,0x74,0x0,0x61,0x0,0x74,0x0,0x75,0x0,0x73,0x0,0x49,0x0,0x6e,0x0,0x64,0x0,0x69,0x0,0x63,0x0,0x61,
  0x0,0x74,0x0,0x6f,0x0,0x72,0x0,0x2e,0x0,0x71,0x0,0x6d,0x0,0x6c,
    // ConfidenceTierBadge.qml
  0x0,0x17,
  0x2,0x2e,0x88,0x1c,
  0x0,0x43,
  0x0,0x6f,0x0,0x6e,0x0,0x66,0x0,0x69,0x0,0x64,0x0,0x65,0x0,0x6e,0x0,0x63,0x0,0x65,0x0,0x54,0x0,0x69,0x0,0x65,0x0,0x72,0x0,0x42,0x0,0x61,0x0,0x64,
  0x0,0x67,0x0,0x65,0x0,0x2e,0x0,0x71,0x0,0x6d,0x0,0x6c,
  
};

static const unsigned char qt_resource_struct[] = {
  // :
  0x0,0x0,0x0,0x0,0x0,0x2,0x0,0x0,0x0,0x1,0x0,0x0,0x0,0x1,
0x0,0x0,0x0,0x0,0x0,0x0,0x0,0x0,
  // :/Frontend
  0x0,0x0,0x0,0x0,0x0,0x2,0x0,0x0,0x0,0x3,0x0,0x0,0x0,0x2,
0x0,0x0,0x0,0x0,0x0,0x0,0x0,0x0,
  // :/Frontend/Pages
  0x0,0x0,0x0,0x46,0x0,0x2,0x0,0x0,0x0,0x7,0x0,0x0,0x0,0x9,
0x0,0x0,0x0,0x0,0x0,0x0,0x0,0x0,
  // :/Frontend/Components
  0x0,0x0,0x0,0x16,0x0,0x2,0x0,0x0,0x0,0x4,0x0,0x0,0x0,0x5,
0x0,0x0,0x0,0x0,0x0,0x0,0x0,0x0,
  // :/Frontend/Main.qml
  0x0,0x0,0x0,0x30,0x0,0x0,0x0,0x0,0x0,0x1,0x0,0x0,0x0,0x0,
0x0,0x0,0x1,0x9d,0xff,0xed,0xc1,0xd0,
  // :/Frontend/Components/ConfidenceTierBadge.qml
  0x0,0x0,0x1,0xd0,0x0,0x0,0x0,0x0,0x0,0x1,0x0,0x0,0x68,0x18,
0x0,0x0,0x1,0x9d,0xff,0xed,0xfe,0x6e,
  // :/Frontend/Components/DurAlertCard.qml
  0x0,0x0,0x1,0x74,0x0,0x0,0x0,0x0,0x0,0x1,0x0,0x0,0x58,0x3d,
0x0,0x0,0x1,0x9d,0xff,0xee,0x30,0xd6,
  // :/Frontend/Components/PhoneStatusIndicator.qml
  0x0,0x0,0x1,0x9a,0x0,0x0,0x0,0x0,0x0,0x1,0x0,0x0,0x60,0x59,
0x0,0x0,0x1,0x9d,0xff,0xee,0x5e,0xc8,
  // :/Frontend/Components/AppButton.qml
  0x0,0x0,0x1,0x54,0x0,0x0,0x0,0x0,0x0,0x1,0x0,0x0,0x55,0x1f,
0x0,0x0,0x1,0x9d,0xff,0xed,0xdc,0x9,
  // :/Frontend/Pages/LoginPage.qml
  0x0,0x0,0x1,0x34,0x0,0x0,0x0,0x0,0x0,0x1,0x0,0x0,0x4c,0x6,
0x0,0x0,0x1,0x9d,0xff,0xee,0x91,0xd2,
  // :/Frontend/Pages/HistoryPage.qml
  0x0,0x0,0x0,0x56,0x0,0x0,0x0,0x0,0x0,0x1,0x0,0x0,0xd,0x1c,
0x0,0x0,0x1,0x9d,0xff,0xef,0xa7,0xfb,
  // :/Frontend/Pages/PillPoolPage.qml
  0x0,0x0,0x0,0x7a,0x0,0x0,0x0,0x0,0x0,0x1,0x0,0x0,0x16,0x23,
0x0,0x0,0x1,0x9d,0xff,0xef,0x7f,0xc4,
  // :/Frontend/Pages/IdentifyResultPage.qml
  0x0,0x0,0x0,0xc2,0x0,0x0,0x0,0x0,0x0,0x1,0x0,0x0,0x2b,0x28,
0x0,0x0,0x1,0x9d,0xff,0xef,0x27,0xe5,
  // :/Frontend/Pages/SignupPage.qml
  0x0,0x0,0x1,0x12,0x0,0x0,0x0,0x0,0x0,0x1,0x0,0x0,0x43,0x13,
0x0,0x0,0x1,0x9d,0xff,0xee,0xb4,0x42,
  // :/Frontend/Pages/HomePage.qml
  0x0,0x0,0x0,0xf4,0x0,0x0,0x0,0x0,0x0,0x1,0x0,0x0,0x38,0x7,
0x0,0x0,0x1,0x9d,0xff,0xee,0xe8,0x7,
  // :/Frontend/Pages/ReportPage.qml
  0x0,0x0,0x0,0xa0,0x0,0x0,0x0,0x0,0x0,0x1,0x0,0x0,0x20,0xf9,
0x0,0x0,0x1,0x9d,0xff,0xef,0xd0,0xd2,

};

#ifdef QT_NAMESPACE
#  define QT_RCC_PREPEND_NAMESPACE(name) ::QT_NAMESPACE::name
#  define QT_RCC_MANGLE_NAMESPACE0(x) x
#  define QT_RCC_MANGLE_NAMESPACE1(a, b) a##_##b
#  define QT_RCC_MANGLE_NAMESPACE2(a, b) QT_RCC_MANGLE_NAMESPACE1(a,b)
#  define QT_RCC_MANGLE_NAMESPACE(name) QT_RCC_MANGLE_NAMESPACE2( \
        QT_RCC_MANGLE_NAMESPACE0(name), QT_RCC_MANGLE_NAMESPACE0(QT_NAMESPACE))
#else
#   define QT_RCC_PREPEND_NAMESPACE(name) name
#   define QT_RCC_MANGLE_NAMESPACE(name) name
#endif

#if defined(QT_INLINE_NAMESPACE)
inline namespace QT_NAMESPACE {
#elif defined(QT_NAMESPACE)
namespace QT_NAMESPACE {
#endif

bool qRegisterResourceData(int, const unsigned char *, const unsigned char *, const unsigned char *);
bool qUnregisterResourceData(int, const unsigned char *, const unsigned char *, const unsigned char *);

#ifdef QT_NAMESPACE
}
#endif

int QT_RCC_MANGLE_NAMESPACE(qInitResources_Resources)();
int QT_RCC_MANGLE_NAMESPACE(qInitResources_Resources)()
{
    int version = 3;
    QT_RCC_PREPEND_NAMESPACE(qRegisterResourceData)
        (version, qt_resource_struct, qt_resource_name, qt_resource_data);
    return 1;
}

int QT_RCC_MANGLE_NAMESPACE(qCleanupResources_Resources)();
int QT_RCC_MANGLE_NAMESPACE(qCleanupResources_Resources)()
{
    int version = 3;
    QT_RCC_PREPEND_NAMESPACE(qUnregisterResourceData)
       (version, qt_resource_struct, qt_resource_name, qt_resource_data);
    return 1;
}

#ifdef __clang__
#   pragma clang diagnostic push
#   pragma clang diagnostic ignored "-Wexit-time-destructors"
#endif

namespace {
   struct initializer {
       initializer() { QT_RCC_MANGLE_NAMESPACE(qInitResources_Resources)(); }
       ~initializer() { QT_RCC_MANGLE_NAMESPACE(qCleanupResources_Resources)(); }
   } dummy;
}

#ifdef __clang__
#   pragma clang diagnostic pop
#endif
